id;nombre;descripcion;precio;categoria;imagen_url;stock;fecha_creacion
4013.0;Oso de Peluche;Edición limitada;61745.0;peluche;https://sorprendeme.com/img/peluche/105.jpg;173;26-01-2024
521.0;Oso de Peluche;Producto especial;46388.0;peluche;https://sorprendeme.com/img/peluche/239.jpg;129;08/27/2025
3612.0;Conejo Gigante;;212404.0;peluche;https://sorprendeme.com/img/peluche/829.jpg;1;10/27/2025
;Canasta Especial;Edición limitada;335666.0;ancheta;https://sorprendeme.com/img/ancheta/345.jpg;26;14-12-2024
-1.0;Girasoles;;194636.0;flores;https://sorprendeme.com/img/flores/997.jpg;96;10-09-2025
1140.0;Panda Suave;Producto especial;236523.0;peluche;https://sorprendeme.com/img/peluche/792.jpg;74;14/08/2025
7429.0;Ancheta Romántica;Más vendido;69489.0;ancheta;https://sorprendeme.com/img/ancheta/364.jpg;53;24-01-2025
8752.0;Oso de Peluche;Edición limitada;69740.0;peluche;https://sorprendeme.com/img/peluche/389.jpg;69;15/09/2025
917.0;Conejo Gigante;Edición limitada;290304.0;Peluche;https://sorprendeme.com/img/peluche/825.jpg;80;02-12-2025
3484.0;Caja de Amor;;147537.0;Ancheta;https://sorprendeme.com/img/ancheta/937.jpg;164;03-08-2025
9578.0;BOUQUET MIXTO;;315771.0;flores;https://sorprendeme.com/img/flores/409.jpg;92;09-09-2024
1797.0;Canasta Especial;Edición limitada;225194.0;Ancheta;https://sorprendeme.com/img/ancheta/812.jpg;174;2024-04-03
8670.0;Canasta Especial;Más vendido;340311.0;ancheta;https://sorprendeme.com/img/ancheta/882.jpg;2;01/25/2025
1828.0;Ancheta Premium;Más vendido;160646.0;ancheta;https://sorprendeme.com/img/ancheta/465.jpg;0;18-10-2025
8318.0;Panda Suave;Producto especial;306624.0;Peluche;https://sorprendeme.com/img/peluche/306.jpg;163;27/05/2025
8838.0;CAJA DE AMOR;Producto especial;215646.0;ancheta;https://sorprendeme.com/img/ancheta/501.jpg;4;17/01/2025
3947.0;Girasoles;Producto especial;43694.0;flores;https://sorprendeme.com/img/flores/498.jpg;17;2024-09-02
9008.0;Conejo Gigante;Edición limitada;103794.0;Peluche;https://sorprendeme.com/img/peluche/894.jpg;155;05/11/2024
6538.0;CAJA DE AMOR;Más vendido;161764.0;ancheta;https://sorprendeme.com/img/ancheta/530.jpg;115;31-12-2025
9639.0;Ancheta Romántica;Edición limitada;212127.0;ancheta;https://sorprendeme.com/img/ancheta/8.jpg;18;2024-12-12
5414.0;Caja de Amor;Producto especial;187242.0;Ancheta;https://sorprendeme.com/img/ancheta/286.jpg;171;2024-03-10
-1.0;Conejo Gigante;;285511.0;peluche;https://sorprendeme.com/img/peluche/195.jpg;24;08/07/2025
888.0;Liliums Blancos;Producto especial;35305.0;flores;https://sorprendeme.com/img/flores/746.jpg;86;02/24/2025
8787.0;Caja de Amor;;61961.0;Ancheta;https://sorprendeme.com/img/ancheta/188.jpg;71;15/07/2024
829.0;Canasta Especial;Producto especial;339614.0;ancheta;https://sorprendeme.com/img/ancheta/949.jpg;192;2025-07-17
-1.0;Canasta Especial;;317318.0;ancheta;https://sorprendeme.com/img/ancheta/169.jpg;97;05/12/2025
9106.0;Liliums Blancos;;66857.0;flores;https://sorprendeme.com/img/flores/304.jpg;55;10/19/2024
822.0;OSO DE PELUCHE;;183455.0;peluche;https://sorprendeme.com/img/peluche/874.jpg;135;2024-11-17
9750.0;OSO DE PELUCHE;Producto especial;241196.0;peluche;https://sorprendeme.com/img/peluche/241.jpg;103;2024-07-09
1344.0;Conejo Gigante;;235220.0;Peluche;https://sorprendeme.com/img/peluche/579.jpg;133;2025-08-15
3911.0;BOUQUET MIXTO;Más vendido;147588.0;flores;https://sorprendeme.com/img/flores/688.jpg;165;16-11-2025
9225.0;ROSAS ROJAS;Producto especial;39542.0;flores;https://sorprendeme.com/img/flores/219.jpg;129;01/10/2024
4670.0;Rosas Rojas;Edición limitada;161792.0;Flores;https://sorprendeme.com/img/flores/557.jpg;180;07-09-2024
1698.0;Oso de Peluche;Edición limitada;103596.0;peluche;https://sorprendeme.com/img/peluche/912.jpg;27;14-11-2025
5618.0;Ancheta Premium;Edición limitada;245312.0;Ancheta;https://sorprendeme.com/img/ancheta/874.jpg;67;15/10/2024
4534.0;Rosas Rojas;Producto especial;16188.0;flores;https://sorprendeme.com/img/flores/790.jpg;33;04/04/2024
9190.0;Bouquet Mixto;Producto especial;52478.0;flores;https://sorprendeme.com/img/flores/968.jpg;176;03/28/2025
7042.0;Oso de Peluche;Edición limitada;29013.0;peluche;https://sorprendeme.com/img/peluche/374.jpg;10;13/01/2025
5795.0;Caja de Amor;;341235.0;ancheta;https://sorprendeme.com/img/ancheta/768.jpg;39;2025-11-13
407.0;Caja de Amor;Edición limitada;261749.0;ancheta;https://sorprendeme.com/img/ancheta/341.jpg;200;06/30/2024
1772.0;CONEJO GIGANTE;;307176.0;peluche;https://sorprendeme.com/img/peluche/880.jpg;120;30/09/2024
3653.0;GIRASOLES;Producto especial;236111.0;flores;https://sorprendeme.com/img/flores/409.jpg;84;08/11/2024
8786.0;ANCHETA PREMIUM;Más vendido;329644.0;ancheta;https://sorprendeme.com/img/ancheta/119.jpg;66;12/25/2024
5664.0;Rosas Rojas;Más vendido;161192.0;Flores;https://sorprendeme.com/img/flores/524.jpg;29;04/21/2024
7145.0;Conejo Gigante;Producto especial;189173.0;peluche;https://sorprendeme.com/img/peluche/826.jpg;137;2024-09-17
1147.0;Conejo Gigante;Más vendido;223757.0;peluche;https://sorprendeme.com/img/peluche/680.jpg;31;01/07/2025
5345.0;GIRASOLES;;248565.0;flores;https://sorprendeme.com/img/flores/568.jpg;32;11/13/2025
9325.0;Unicornio;Más vendido;151035.0;Peluche;https://sorprendeme.com/img/peluche/854.jpg;0;24/11/2025
7619.0;Canasta Especial;;163124.0;Ancheta;https://sorprendeme.com/img/ancheta/219.jpg;130;16-08-2025
4650.0;CONEJO GIGANTE;Más vendido;46285.0;peluche;https://sorprendeme.com/img/peluche/975.jpg;192;2025-11-05
401.0;Bouquet Mixto;Producto especial;97022.0;flores;https://sorprendeme.com/img/flores/487.jpg;156;22/07/2024
6292.0;Canasta Especial;;148884.0;ancheta;https://sorprendeme.com/img/ancheta/152.jpg;167;28/02/2025
8487.0;Canasta Especial;;31823.0;Ancheta;https://sorprendeme.com/img/ancheta/256.jpg;31;12/08/2024
8977.0;Girasoles;;315565.0;Flores;https://sorprendeme.com/img/flores/762.jpg;121;03/29/2025
3920.0;ANCHETA PREMIUM;Más vendido;162357.0;ancheta;https://sorprendeme.com/img/ancheta/731.jpg;73;06/17/2025
2268.0;Girasoles;Edición limitada;92473.0;flores;https://sorprendeme.com/img/flores/711.jpg;39;2025-07-07
8891.0;Canasta Especial;;154284.0;Ancheta;https://sorprendeme.com/img/ancheta/212.jpg;107;21-02-2025
7815.0;Oso de Peluche;Producto especial;330818.0;Peluche;https://sorprendeme.com/img/peluche/306.jpg;192;08/12/2025
4472.0;Bouquet Mixto;;177690.0;flores;https://sorprendeme.com/img/flores/399.jpg;86;14/05/2025
8752.0;Bouquet Mixto;Producto especial;318821.0;flores;https://sorprendeme.com/img/flores/607.jpg;144;23/04/2025
2978.0;Canasta Especial;Producto especial;102152.0;Ancheta;https://sorprendeme.com/img/ancheta/336.jpg;54;05/18/2024
-1.0;Liliums Blancos;Producto especial;172553.0;flores;https://sorprendeme.com/img/flores/768.jpg;138;10/11/2024
509.0;ANCHETA ROMÁNTICA;Edición limitada;81786.0;ancheta;https://sorprendeme.com/img/ancheta/21.jpg;159;2025-10-29
9241.0;Canasta Especial;Edición limitada;170786.0;Ancheta;https://sorprendeme.com/img/ancheta/263.jpg;196;2025-11-16
1772.0;Oso de Peluche;Producto especial;326177.0;peluche;https://sorprendeme.com/img/peluche/590.jpg;173;16-06-2024
9701.0;Liliums Blancos;Edición limitada;49137.0;flores;https://sorprendeme.com/img/flores/792.jpg;77;2024-07-22
5689.0;Oso de Peluche;;236610.0;peluche;https://sorprendeme.com/img/peluche/71.jpg;129;2025-08-02
7103.0;Canasta Especial;Más vendido;227921.0;ancheta;https://sorprendeme.com/img/ancheta/849.jpg;117;2025-05-16
8818.0;Bouquet Mixto;;170733.0;Flores;https://sorprendeme.com/img/flores/846.jpg;187;18-06-2025
7386.0;Bouquet Mixto;Edición limitada;266410.0;flores;https://sorprendeme.com/img/flores/584.jpg;156;29-03-2024
2980.0;Rosas Rojas;;86060.0;Flores;https://sorprendeme.com/img/flores/817.jpg;66;21-05-2025
8465.0;Panda Suave;Edición limitada;43680.0;Peluche;https://sorprendeme.com/img/peluche/738.jpg;104;2025-07-23
7343.0;Canasta Especial;Producto especial;46173.0;ancheta;https://sorprendeme.com/img/ancheta/227.jpg;103;10/23/2025
6972.0;Girasoles;Más vendido;132857.0;Flores;https://sorprendeme.com/img/flores/465.jpg;69;29-04-2025
1959.0;ANCHETA ROMÁNTICA;Edición limitada;79166.0;ancheta;https://sorprendeme.com/img/ancheta/757.jpg;123;16-07-2024
4854.0;Panda Suave;Edición limitada;135895.0;peluche;https://sorprendeme.com/img/peluche/310.jpg;3;12/04/2024
9067.0;Ancheta Premium;Más vendido;248635.0;ancheta;https://sorprendeme.com/img/ancheta/130.jpg;163;2024-02-16
7691.0;ROSAS ROJAS;;162557.0;flores;https://sorprendeme.com/img/flores/189.jpg;13;13-01-2024
8057.0;ROSAS ROJAS;Producto especial;208302.0;flores;https://sorprendeme.com/img/flores/703.jpg;13;03/07/2024
1941.0;PANDA SUAVE;;218116.0;peluche;https://sorprendeme.com/img/peluche/810.jpg;158;28/03/2024
4872.0;Unicornio;;117302.0;peluche;https://sorprendeme.com/img/peluche/636.jpg;15;04/06/2025
;Oso de Peluche;Producto especial;67614.0;peluche;https://sorprendeme.com/img/peluche/178.jpg;141;31/07/2024
4772.0;Liliums Blancos;Producto especial;92545.0;flores;https://sorprendeme.com/img/flores/724.jpg;72;12/06/2025
4335.0;Rosas Rojas;Edición limitada;157422.0;flores;https://sorprendeme.com/img/flores/558.jpg;57;04/12/2025
2719.0;Bouquet Mixto;Más vendido;214340.0;flores;https://sorprendeme.com/img/flores/845.jpg;145;2024-03-14
;Rosas Rojas;Más vendido;182658.0;flores;https://sorprendeme.com/img/flores/506.jpg;112;24-04-2025
424.0;Girasoles;Producto especial;91690.0;Flores;https://sorprendeme.com/img/flores/691.jpg;147;10-09-2025
2871.0;ANCHETA PREMIUM;;188853.0;ancheta;https://sorprendeme.com/img/ancheta/453.jpg;71;2025-08-13
1495.0;Unicornio;;131567.0;peluche;https://sorprendeme.com/img/peluche/342.jpg;82;10/12/2025
4723.0;Ancheta Premium;;287545.0;Ancheta;https://sorprendeme.com/img/ancheta/564.jpg;9;02/25/2025
6623.0;Girasoles;Producto especial;235316.0;Flores;https://sorprendeme.com/img/flores/556.jpg;118;2024-11-27
7243.0;Ancheta Premium;Producto especial;83192.0;ancheta;https://sorprendeme.com/img/ancheta/563.jpg;33;09/29/2025
-1.0;Liliums Blancos;Edición limitada;252777.0;flores;https://sorprendeme.com/img/flores/319.jpg;141;2024-05-04
1925.0;Caja de Amor;Edición limitada;181956.0;Ancheta;https://sorprendeme.com/img/ancheta/734.jpg;74;04/26/2024
3994.0;Liliums Blancos;;199674.0;flores;https://sorprendeme.com/img/flores/393.jpg;48;05/09/2025
6799.0;Conejo Gigante;Más vendido;327973.0;peluche;https://sorprendeme.com/img/peluche/520.jpg;68;12-03-2024
2435.0;Girasoles;;195424.0;Flores;https://sorprendeme.com/img/flores/354.jpg;85;08/24/2025
3091.0;Unicornio;Edición limitada;206552.0;Peluche;https://sorprendeme.com/img/peluche/240.jpg;198;11-04-2025
6326.0;Liliums Blancos;Edición limitada;180935.0;Flores;https://sorprendeme.com/img/flores/38.jpg;32;12/23/2025
1634.0;Panda Suave;;20141.0;peluche;https://sorprendeme.com/img/peluche/148.jpg;104;04/12/2024
5547.0;Ancheta Romántica;;232695.0;ancheta;https://sorprendeme.com/img/ancheta/873.jpg;84;25-04-2025
8865.0;Unicornio;Producto especial;221849.0;peluche;https://sorprendeme.com/img/peluche/241.jpg;161;11/20/2024
1613.0;Bouquet Mixto;Producto especial;163632.0;flores;https://sorprendeme.com/img/flores/711.jpg;76;04/02/2024
5874.0;Ancheta Premium;Más vendido;159280.0;Ancheta;https://sorprendeme.com/img/ancheta/251.jpg;135;27-02-2024
1294.0;Conejo Gigante;;222603.0;peluche;https://sorprendeme.com/img/peluche/247.jpg;127;23/06/2024
7530.0;Caja de Amor;Más vendido;238392.0;ancheta;https://sorprendeme.com/img/ancheta/921.jpg;119;17-04-2025
5662.0;CONEJO GIGANTE;Más vendido;229044.0;peluche;https://sorprendeme.com/img/peluche/435.jpg;176;03/16/2024
1748.0;BOUQUET MIXTO;Edición limitada;142757.0;flores;https://sorprendeme.com/img/flores/368.jpg;147;01/28/2025
4498.0;Panda Suave;Producto especial;204586.0;peluche;https://sorprendeme.com/img/peluche/703.jpg;199;01/23/2024
9947.0;CANASTA ESPECIAL;Más vendido;88367.0;ancheta;https://sorprendeme.com/img/ancheta/195.jpg;158;20/10/2024
646.0;Conejo Gigante;Más vendido;279185.0;Peluche;https://sorprendeme.com/img/peluche/35.jpg;148;2025-10-05
6808.0;Ancheta Romántica;Edición limitada;82266.0;ancheta;https://sorprendeme.com/img/ancheta/806.jpg;138;29-10-2024
7895.0;Girasoles;Más vendido;265097.0;Flores;https://sorprendeme.com/img/flores/347.jpg;29;17-06-2024
9132.0;CAJA DE AMOR;Más vendido;45251.0;ancheta;https://sorprendeme.com/img/ancheta/405.jpg;3;08/19/2024
9578.0;CANASTA ESPECIAL;;290510.0;ancheta;https://sorprendeme.com/img/ancheta/963.jpg;95;12-01-2025
9996.0;Canasta Especial;Edición limitada;231964.0;ancheta;https://sorprendeme.com/img/ancheta/651.jpg;118;26-01-2024
0.0;Liliums Blancos;Producto especial;116962.0;flores;https://sorprendeme.com/img/flores/505.jpg;29;29/04/2024
8851.0;Canasta Especial;;211759.0;ancheta;https://sorprendeme.com/img/ancheta/745.jpg;39;09-04-2025
4584.0;Oso de Peluche;Producto especial;246244.0;Peluche;https://sorprendeme.com/img/peluche/223.jpg;113;05/16/2025
8921.0;Ancheta Premium;Más vendido;35284.0;ancheta;https://sorprendeme.com/img/ancheta/283.jpg;48;11-04-2024
9784.0;Rosas Rojas;Producto especial;31944.0;flores;https://sorprendeme.com/img/flores/342.jpg;62;09/11/2025
9608.0;Conejo Gigante;Edición limitada;287373.0;peluche;https://sorprendeme.com/img/peluche/239.jpg;84;11/03/2024
2130.0;Oso de Peluche;Más vendido;282502.0;peluche;https://sorprendeme.com/img/peluche/113.jpg;169;10/10/2024
9648.0;ANCHETA ROMÁNTICA;Más vendido;20287.0;ancheta;https://sorprendeme.com/img/ancheta/272.jpg;13;01/01/2025
7345.0;Rosas Rojas;Más vendido;186935.0;Flores;https://sorprendeme.com/img/flores/112.jpg;115;03/06/2024
7505.0;Oso de Peluche;Producto especial;35377.0;Peluche;https://sorprendeme.com/img/peluche/491.jpg;102;05-11-2025
1205.0;CANASTA ESPECIAL;Producto especial;122907.0;ancheta;https://sorprendeme.com/img/ancheta/152.jpg;16;12/30/2025
7434.0;Panda Suave;;48225.0;peluche;https://sorprendeme.com/img/peluche/719.jpg;29;25-01-2025
3744.0;Conejo Gigante;;128542.0;Peluche;https://sorprendeme.com/img/peluche/465.jpg;102;03/16/2025
;Ancheta Premium;Más vendido;334453.0;ancheta;https://sorprendeme.com/img/ancheta/704.jpg;121;13-03-2025
2132.0;Canasta Especial;Producto especial;211466.0;Ancheta;https://sorprendeme.com/img/ancheta/576.jpg;143;08-04-2024
843.0;Canasta Especial;Más vendido;216137.0;Ancheta;https://sorprendeme.com/img/ancheta/361.jpg;26;12/28/2024
3675.0;CAJA DE AMOR;Producto especial;132288.0;ancheta;https://sorprendeme.com/img/ancheta/570.jpg;94;11/03/2025
9978.0;Bouquet Mixto;Más vendido;24699.0;flores;https://sorprendeme.com/img/flores/280.jpg;179;2025-03-15
2348.0;Girasoles;;38311.0;flores;https://sorprendeme.com/img/flores/759.jpg;162;07/01/2024
7433.0;Caja de Amor;Más vendido;67732.0;Ancheta;https://sorprendeme.com/img/ancheta/320.jpg;184;01/20/2025
2580.0;Oso de Peluche;Producto especial;240780.0;peluche;https://sorprendeme.com/img/peluche/279.jpg;113;23/02/2024
3532.0;Liliums Blancos;Producto especial;130633.0;flores;https://sorprendeme.com/img/flores/114.jpg;72;28-02-2025
-1.0;Unicornio;Edición limitada;147413.0;peluche;https://sorprendeme.com/img/peluche/614.jpg;14;23-06-2025
5376.0;CAJA DE AMOR;Producto especial;17590.0;ancheta;https://sorprendeme.com/img/ancheta/765.jpg;110;18-09-2024
;Bouquet Mixto;;303691.0;flores;https://sorprendeme.com/img/flores/44.jpg;111;27-05-2025
6844.0;LILIUMS BLANCOS;Más vendido;53583.0;flores;https://sorprendeme.com/img/flores/22.jpg;83;08/10/2025
1444.0;Unicornio;;297902.0;Peluche;https://sorprendeme.com/img/peluche/250.jpg;111;07-12-2025
5563.0;Oso de Peluche;Edición limitada;126578.0;Peluche;https://sorprendeme.com/img/peluche/173.jpg;19;09-02-2025
2420.0;CAJA DE AMOR;Edición limitada;49440.0;ancheta;https://sorprendeme.com/img/ancheta/263.jpg;50;23-12-2024
7602.0;Ancheta Romántica;;243180.0;ancheta;https://sorprendeme.com/img/ancheta/904.jpg;144;06/30/2024
2474.0;Panda Suave;;37876.0;Peluche;https://sorprendeme.com/img/peluche/453.jpg;161;04-10-2025
5086.0;Rosas Rojas;;166391.0;flores;https://sorprendeme.com/img/flores/59.jpg;94;2024-12-26
7582.0;Ancheta Romántica;Producto especial;165661.0;ancheta;https://sorprendeme.com/img/ancheta/830.jpg;146;09/21/2025
1014.0;Liliums Blancos;;49673.0;flores;https://sorprendeme.com/img/flores/921.jpg;87;28/05/2025
7173.0;Caja de Amor;;190563.0;Ancheta;https://sorprendeme.com/img/ancheta/625.jpg;40;10/02/2024
;Liliums Blancos;Producto especial;279391.0;flores;https://sorprendeme.com/img/flores/663.jpg;85;22-02-2025
9875.0;UNICORNIO;Edición limitada;126676.0;peluche;https://sorprendeme.com/img/peluche/597.jpg;169;17-10-2024
2113.0;Girasoles;Producto especial;118710.0;flores;https://sorprendeme.com/img/flores/386.jpg;164;11/02/2025
8332.0;Ancheta Romántica;Más vendido;21107.0;ancheta;https://sorprendeme.com/img/ancheta/317.jpg;46;10/23/2025
2254.0;Liliums Blancos;Edición limitada;40850.0;Flores;https://sorprendeme.com/img/flores/865.jpg;25;15/07/2024
2148.0;Oso de Peluche;;66675.0;peluche;https://sorprendeme.com/img/peluche/186.jpg;177;08-11-2025
5969.0;Canasta Especial;Edición limitada;339812.0;ancheta;https://sorprendeme.com/img/ancheta/626.jpg;72;02/14/2024
5071.0;Bouquet Mixto;;317831.0;flores;https://sorprendeme.com/img/flores/199.jpg;94;30/06/2025
6257.0;Unicornio;;338700.0;peluche;https://sorprendeme.com/img/peluche/837.jpg;51;17-04-2025
6082.0;ANCHETA PREMIUM;Producto especial;253319.0;ancheta;https://sorprendeme.com/img/ancheta/529.jpg;31;02/23/2024
7168.0;Ancheta Premium;Producto especial;332048.0;ancheta;https://sorprendeme.com/img/ancheta/228.jpg;115;05/04/2025
8225.0;CANASTA ESPECIAL;Más vendido;93986.0;ancheta;https://sorprendeme.com/img/ancheta/84.jpg;95;02/24/2024
2393.0;Rosas Rojas;Edición limitada;27832.0;flores;https://sorprendeme.com/img/flores/940.jpg;120;27-10-2025
1299.0;Canasta Especial;Producto especial;100735.0;Ancheta;https://sorprendeme.com/img/ancheta/856.jpg;38;2025-04-04
3894.0;Unicornio;Más vendido;55819.0;peluche;https://sorprendeme.com/img/peluche/245.jpg;107;23-04-2024
8190.0;Unicornio;Producto especial;226705.0;peluche;https://sorprendeme.com/img/peluche/589.jpg;61;2024-03-05
3942.0;Liliums Blancos;;77750.0;Flores;https://sorprendeme.com/img/flores/685.jpg;21;02-01-2024
6398.0;ROSAS ROJAS;;29584.0;flores;https://sorprendeme.com/img/flores/397.jpg;95;2025-06-22
3951.0;Ancheta Premium;Producto especial;273453.0;Ancheta;https://sorprendeme.com/img/ancheta/753.jpg;193;10-03-2024
2869.0;ANCHETA PREMIUM;;343574.0;ancheta;https://sorprendeme.com/img/ancheta/491.jpg;161;13-07-2025
4808.0;Ancheta Romántica;Edición limitada;29675.0;Ancheta;https://sorprendeme.com/img/ancheta/205.jpg;10;2025-04-13
4151.0;Liliums Blancos;Producto especial;267352.0;Flores;https://sorprendeme.com/img/flores/196.jpg;73;07/10/2025
6030.0;Ancheta Premium;;312978.0;ancheta;https://sorprendeme.com/img/ancheta/762.jpg;112;2024-10-06
8152.0;Girasoles;Más vendido;324644.0;flores;https://sorprendeme.com/img/flores/532.jpg;68;07/10/2024
0.0;Unicornio;Edición limitada;197734.0;peluche;https://sorprendeme.com/img/peluche/329.jpg;26;03/21/2024
2731.0;Girasoles;;132768.0;flores;https://sorprendeme.com/img/flores/44.jpg;186;04/01/2025
1230.0;Liliums Blancos;;136709.0;flores;https://sorprendeme.com/img/flores/821.jpg;191;2024-10-08
571.0;Caja de Amor;Edición limitada;37523.0;Ancheta;https://sorprendeme.com/img/ancheta/798.jpg;165;09/14/2025
7372.0;Rosas Rojas;Más vendido;139624.0;Flores;https://sorprendeme.com/img/flores/782.jpg;19;11/09/2025
4567.0;PANDA SUAVE;Edición limitada;336774.0;peluche;https://sorprendeme.com/img/peluche/27.jpg;188;11-02-2025
4289.0;UNICORNIO;Más vendido;250853.0;peluche;https://sorprendeme.com/img/peluche/220.jpg;156;2025-07-29
1214.0;Bouquet Mixto;;72840.0;flores;https://sorprendeme.com/img/flores/731.jpg;113;05/05/2024
1064.0;Panda Suave;Más vendido;313596.0;peluche;https://sorprendeme.com/img/peluche/872.jpg;40;14-11-2025
0.0;Conejo Gigante;Edición limitada;280342.0;peluche;https://sorprendeme.com/img/peluche/243.jpg;126;05/01/2025
1413.0;Panda Suave;Producto especial;118612.0;Peluche;https://sorprendeme.com/img/peluche/735.jpg;184;23/04/2025
2054.0;Liliums Blancos;Más vendido;230183.0;flores;https://sorprendeme.com/img/flores/461.jpg;119;2025-08-11
2115.0;Bouquet Mixto;;183459.0;flores;https://sorprendeme.com/img/flores/890.jpg;14;18/07/2025
2654.0;Conejo Gigante;Más vendido;328137.0;peluche;https://sorprendeme.com/img/peluche/231.jpg;88;07/11/2024
3217.0;Panda Suave;Más vendido;56932.0;Peluche;https://sorprendeme.com/img/peluche/311.jpg;157;21-03-2024
2805.0;Conejo Gigante;Más vendido;297248.0;peluche;https://sorprendeme.com/img/peluche/578.jpg;10;29/08/2025
3454.0;Ancheta Romántica;;222066.0;ancheta;https://sorprendeme.com/img/ancheta/32.jpg;127;16-02-2024
7913.0;PANDA SUAVE;Edición limitada;284571.0;peluche;https://sorprendeme.com/img/peluche/702.jpg;103;19-10-2025
6810.0;ANCHETA ROMÁNTICA;;170588.0;ancheta;https://sorprendeme.com/img/ancheta/349.jpg;155;06/10/2024
2143.0;PANDA SUAVE;Más vendido;187518.0;peluche;https://sorprendeme.com/img/peluche/109.jpg;81;12/19/2024
2309.0;Ancheta Premium;Producto especial;31953.0;ancheta;https://sorprendeme.com/img/ancheta/969.jpg;98;05/04/2025
9465.0;Bouquet Mixto;Más vendido;78594.0;flores;https://sorprendeme.com/img/flores/164.jpg;127;12-06-2024
380.0;Liliums Blancos;Producto especial;331653.0;flores;https://sorprendeme.com/img/flores/518.jpg;117;11/11/2024
4610.0;Ancheta Premium;;215169.0;ancheta;https://sorprendeme.com/img/ancheta/864.jpg;167;2024-02-19
2195.0;Rosas Rojas;Más vendido;258715.0;Flores;https://sorprendeme.com/img/flores/783.jpg;103;04/20/2024
5940.0;Rosas Rojas;Más vendido;39633.0;flores;https://sorprendeme.com/img/flores/517.jpg;115;06/08/2025
6454.0;Rosas Rojas;Más vendido;281291.0;flores;https://sorprendeme.com/img/flores/348.jpg;142;2024-05-11
8194.0;Caja de Amor;Producto especial;30177.0;Ancheta;https://sorprendeme.com/img/ancheta/141.jpg;182;09/08/2025
5374.0;Liliums Blancos;Más vendido;69438.0;flores;https://sorprendeme.com/img/flores/632.jpg;189;01/06/2024
9223.0;Panda Suave;Más vendido;174089.0;Peluche;https://sorprendeme.com/img/peluche/18.jpg;94;06/03/2025
437.0;Canasta Especial;;103953.0;ancheta;https://sorprendeme.com/img/ancheta/672.jpg;200;20-08-2025
0.0;Conejo Gigante;;64505.0;peluche;https://sorprendeme.com/img/peluche/698.jpg;62;02/22/2024
5140.0;Caja de Amor;;65729.0;Ancheta;https://sorprendeme.com/img/ancheta/708.jpg;52;01/20/2024
8499.0;Unicornio;Edición limitada;202897.0;Peluche;https://sorprendeme.com/img/peluche/679.jpg;122;04/03/2024
8951.0;Bouquet Mixto;Más vendido;241416.0;flores;https://sorprendeme.com/img/flores/889.jpg;184;15-04-2025
3151.0;Panda Suave;Edición limitada;108467.0;peluche;https://sorprendeme.com/img/peluche/306.jpg;57;09/16/2025
8012.0;GIRASOLES;Más vendido;175734.0;flores;https://sorprendeme.com/img/flores/574.jpg;184;22/12/2025
-1.0;Canasta Especial;Más vendido;29092.0;ancheta;https://sorprendeme.com/img/ancheta/979.jpg;182;08-02-2025
3311.0;PANDA SUAVE;Más vendido;327563.0;peluche;https://sorprendeme.com/img/peluche/713.jpg;69;05/05/2025
8701.0;Conejo Gigante;Edición limitada;228711.0;Peluche;https://sorprendeme.com/img/peluche/54.jpg;25;2024-09-05
85.0;Unicornio;Edición limitada;151314.0;Peluche;https://sorprendeme.com/img/peluche/958.jpg;121;12/04/2024
970.0;Ancheta Premium;Producto especial;233520.0;ancheta;https://sorprendeme.com/img/ancheta/238.jpg;136;24-11-2024
596.0;Caja de Amor;;278967.0;ancheta;https://sorprendeme.com/img/ancheta/191.jpg;191;03/03/2025
9306.0;Rosas Rojas;Producto especial;326032.0;Flores;https://sorprendeme.com/img/flores/344.jpg;72;10-01-2024
4471.0;Unicornio;Edición limitada;285953.0;peluche;https://sorprendeme.com/img/peluche/339.jpg;41;05/17/2024
5524.0;PANDA SUAVE;Más vendido;205207.0;peluche;https://sorprendeme.com/img/peluche/776.jpg;49;2024-07-09
1422.0;Unicornio;;239201.0;Peluche;https://sorprendeme.com/img/peluche/190.jpg;35;13-03-2025
3859.0;Ancheta Romántica;;267508.0;Ancheta;https://sorprendeme.com/img/ancheta/977.jpg;84;09/24/2024
3872.0;OSO DE PELUCHE;Producto especial;238708.0;peluche;https://sorprendeme.com/img/peluche/477.jpg;78;24-09-2024
4834.0;Panda Suave;Más vendido;220900.0;Peluche;https://sorprendeme.com/img/peluche/225.jpg;34;2025-12-07
8807.0;Girasoles;Edición limitada;270223.0;Flores;https://sorprendeme.com/img/flores/697.jpg;193;03/01/2025
1280.0;CANASTA ESPECIAL;Producto especial;35689.0;ancheta;https://sorprendeme.com/img/ancheta/561.jpg;129;24-06-2025
8526.0;Conejo Gigante;;53940.0;Peluche;https://sorprendeme.com/img/peluche/211.jpg;183;17-06-2024
2162.0;Canasta Especial;;168027.0;Ancheta;https://sorprendeme.com/img/ancheta/60.jpg;143;02/26/2024
50.0;Rosas Rojas;Edición limitada;208734.0;Flores;https://sorprendeme.com/img/flores/47.jpg;108;09-02-2025
520.0;Ancheta Romántica;Más vendido;151970.0;ancheta;https://sorprendeme.com/img/ancheta/788.jpg;34;03/11/2024
7349.0;Unicornio;;140841.0;peluche;https://sorprendeme.com/img/peluche/700.jpg;169;01/18/2025
8803.0;Ancheta Premium;;192162.0;ancheta;https://sorprendeme.com/img/ancheta/746.jpg;57;01/05/2024
8716.0;Ancheta Premium;;290826.0;Ancheta;https://sorprendeme.com/img/ancheta/254.jpg;117;04/19/2025
6869.0;Bouquet Mixto;Producto especial;95623.0;Flores;https://sorprendeme.com/img/flores/69.jpg;25;2024-04-25
6591.0;Rosas Rojas;;93504.0;flores;https://sorprendeme.com/img/flores/223.jpg;193;2024-09-07
3837.0;Caja de Amor;Más vendido;208454.0;ancheta;https://sorprendeme.com/img/ancheta/792.jpg;172;30-05-2025
6776.0;Ancheta Premium;Más vendido;107177.0;ancheta;https://sorprendeme.com/img/ancheta/571.jpg;151;26/05/2024
769.0;Canasta Especial;Más vendido;330431.0;ancheta;https://sorprendeme.com/img/ancheta/688.jpg;97;07/23/2025
4914.0;LILIUMS BLANCOS;;76599.0;flores;https://sorprendeme.com/img/flores/551.jpg;121;22/02/2025
7587.0;Ancheta Premium;Producto especial;203399.0;Ancheta;https://sorprendeme.com/img/ancheta/992.jpg;106;25/12/2025
3332.0;Canasta Especial;Más vendido;231646.0;ancheta;https://sorprendeme.com/img/ancheta/945.jpg;115;05-09-2024
6180.0;Caja de Amor;Producto especial;307663.0;Ancheta;https://sorprendeme.com/img/ancheta/193.jpg;194;22-02-2024
5456.0;Conejo Gigante;Más vendido;335602.0;peluche;https://sorprendeme.com/img/peluche/16.jpg;54;05/05/2025
9903.0;Oso de Peluche;Edición limitada;147872.0;Peluche;https://sorprendeme.com/img/peluche/246.jpg;141;05/05/2025
5054.0;Liliums Blancos;Más vendido;135481.0;Flores;https://sorprendeme.com/img/flores/904.jpg;127;22-04-2025
6074.0;Unicornio;Más vendido;153667.0;peluche;https://sorprendeme.com/img/peluche/577.jpg;56;23/11/2024
4837.0;Ancheta Premium;Edición limitada;80724.0;Ancheta;https://sorprendeme.com/img/ancheta/236.jpg;97;07/20/2025
4217.0;Canasta Especial;;338780.0;Ancheta;https://sorprendeme.com/img/ancheta/658.jpg;189;17-07-2025
8955.0;Ancheta Premium;;76656.0;ancheta;https://sorprendeme.com/img/ancheta/911.jpg;138;22/06/2024
;Ancheta Romántica;;61060.0;ancheta;https://sorprendeme.com/img/ancheta/646.jpg;59;2024-03-17
6115.0;Caja de Amor;Producto especial;221975.0;ancheta;https://sorprendeme.com/img/ancheta/683.jpg;157;06/01/2025
8720.0;UNICORNIO;;18970.0;peluche;https://sorprendeme.com/img/peluche/543.jpg;184;2024-01-17
2938.0;ROSAS ROJAS;Producto especial;322546.0;flores;https://sorprendeme.com/img/flores/537.jpg;38;05/29/2025
6503.0;Panda Suave;Producto especial;139972.0;Peluche;https://sorprendeme.com/img/peluche/416.jpg;117;28-12-2024
520.0;Conejo Gigante;Producto especial;150768.0;Peluche;https://sorprendeme.com/img/peluche/387.jpg;141;2024-11-03
1355.0;Oso de Peluche;;298185.0;Peluche;https://sorprendeme.com/img/peluche/661.jpg;200;20/12/2025
9287.0;Ancheta Romántica;;105817.0;ancheta;https://sorprendeme.com/img/ancheta/947.jpg;19;23/08/2024
257.0;Rosas Rojas;Edición limitada;211657.0;flores;https://sorprendeme.com/img/flores/771.jpg;182;02-07-2024
9285.0;Ancheta Premium;;241807.0;Ancheta;https://sorprendeme.com/img/ancheta/554.jpg;84;15/06/2024
8205.0;Conejo Gigante;Más vendido;32988.0;peluche;https://sorprendeme.com/img/peluche/448.jpg;59;2025-12-06
4479.0;Liliums Blancos;;179352.0;flores;https://sorprendeme.com/img/flores/365.jpg;141;2024-11-30
;Bouquet Mixto;Más vendido;282348.0;flores;https://sorprendeme.com/img/flores/731.jpg;18;11/27/2025
5910.0;Bouquet Mixto;Producto especial;45659.0;Flores;https://sorprendeme.com/img/flores/966.jpg;78;02-02-2025
3071.0;Rosas Rojas;;165363.0;Flores;https://sorprendeme.com/img/flores/569.jpg;131;2024-05-15
9781.0;Ancheta Romántica;Más vendido;304346.0;Ancheta;https://sorprendeme.com/img/ancheta/13.jpg;74;2024-12-28
6238.0;Caja de Amor;Edición limitada;61511.0;Ancheta;https://sorprendeme.com/img/ancheta/309.jpg;68;08/08/2025
6900.0;CAJA DE AMOR;Más vendido;177217.0;ancheta;https://sorprendeme.com/img/ancheta/79.jpg;92;21-03-2025
7502.0;Canasta Especial;Producto especial;60389.0;Ancheta;https://sorprendeme.com/img/ancheta/7.jpg;101;31/08/2025
5485.0;Unicornio;;288184.0;peluche;https://sorprendeme.com/img/peluche/881.jpg;166;12/03/2024
7849.0;ANCHETA PREMIUM;Más vendido;74508.0;ancheta;https://sorprendeme.com/img/ancheta/408.jpg;81;24/11/2024
5340.0;Unicornio;;108901.0;Peluche;https://sorprendeme.com/img/peluche/805.jpg;100;12/08/2025
9013.0;CONEJO GIGANTE;Producto especial;334257.0;peluche;https://sorprendeme.com/img/peluche/473.jpg;181;29/08/2025
2281.0;Rosas Rojas;Más vendido;96077.0;flores;https://sorprendeme.com/img/flores/675.jpg;39;02/22/2025
9540.0;Rosas Rojas;;194013.0;Flores;https://sorprendeme.com/img/flores/946.jpg;177;04/04/2025
1792.0;Ancheta Premium;Edición limitada;235297.0;ancheta;https://sorprendeme.com/img/ancheta/364.jpg;42;2025-12-19
1736.0;Canasta Especial;Producto especial;48033.0;ancheta;https://sorprendeme.com/img/ancheta/228.jpg;130;12/05/2024
6409.0;Conejo Gigante;;273735.0;Peluche;https://sorprendeme.com/img/peluche/603.jpg;176;01-04-2025
4841.0;Rosas Rojas;;323383.0;flores;https://sorprendeme.com/img/flores/88.jpg;29;2025-05-09
5621.0;Conejo Gigante;;277730.0;Peluche;https://sorprendeme.com/img/peluche/534.jpg;123;22-12-2024
5226.0;CANASTA ESPECIAL;Producto especial;115588.0;ancheta;https://sorprendeme.com/img/ancheta/830.jpg;181;12/14/2025
3997.0;Rosas Rojas;Edición limitada;199890.0;Flores;https://sorprendeme.com/img/flores/339.jpg;143;24/11/2025
3054.0;Bouquet Mixto;;147520.0;flores;https://sorprendeme.com/img/flores/756.jpg;157;18/02/2025
3520.0;Liliums Blancos;Edición limitada;108246.0;Flores;https://sorprendeme.com/img/flores/721.jpg;16;2025-02-02
3229.0;Conejo Gigante;;53175.0;Peluche;https://sorprendeme.com/img/peluche/687.jpg;125;09-01-2025
6432.0;Panda Suave;Producto especial;131555.0;peluche;https://sorprendeme.com/img/peluche/866.jpg;117;09/03/2025
2195.0;PANDA SUAVE;Más vendido;54484.0;peluche;https://sorprendeme.com/img/peluche/313.jpg;29;2025-09-21
6853.0;Conejo Gigante;Edición limitada;207560.0;Peluche;https://sorprendeme.com/img/peluche/434.jpg;47;06/07/2025
8023.0;Conejo Gigante;Más vendido;61999.0;peluche;https://sorprendeme.com/img/peluche/323.jpg;115;22/07/2025
3197.0;Rosas Rojas;;337883.0;Flores;https://sorprendeme.com/img/flores/518.jpg;167;11/05/2025
8007.0;UNICORNIO;Edición limitada;42695.0;peluche;https://sorprendeme.com/img/peluche/32.jpg;194;03/01/2025
2756.0;Ancheta Premium;;204493.0;Ancheta;https://sorprendeme.com/img/ancheta/792.jpg;196;18-08-2024
4390.0;Oso de Peluche;Más vendido;196585.0;peluche;https://sorprendeme.com/img/peluche/775.jpg;10;2025-08-09
4056.0;BOUQUET MIXTO;Más vendido;308061.0;flores;https://sorprendeme.com/img/flores/34.jpg;115;2025-03-11
3439.0;Canasta Especial;Más vendido;303451.0;Ancheta;https://sorprendeme.com/img/ancheta/625.jpg;161;30/04/2024
973.0;CONEJO GIGANTE;Más vendido;193314.0;peluche;https://sorprendeme.com/img/peluche/612.jpg;137;30/07/2024
8429.0;Panda Suave;Producto especial;60422.0;peluche;https://sorprendeme.com/img/peluche/769.jpg;105;23-10-2024
4091.0;Bouquet Mixto;Edición limitada;253317.0;flores;https://sorprendeme.com/img/flores/849.jpg;63;19/12/2025
;Unicornio;Más vendido;225317.0;peluche;https://sorprendeme.com/img/peluche/385.jpg;115;16/05/2025
7450.0;Girasoles;;124642.0;flores;https://sorprendeme.com/img/flores/3.jpg;198;12-12-2025
1038.0;Canasta Especial;;87973.0;Ancheta;https://sorprendeme.com/img/ancheta/440.jpg;54;12-10-2025
9276.0;Girasoles;;279082.0;flores;https://sorprendeme.com/img/flores/916.jpg;174;11/12/2024
267.0;Ancheta Romántica;Producto especial;326360.0;Ancheta;https://sorprendeme.com/img/ancheta/162.jpg;112;10/03/2025
-1.0;Bouquet Mixto;Edición limitada;307932.0;flores;https://sorprendeme.com/img/flores/898.jpg;70;06/12/2025
849.0;Rosas Rojas;;224577.0;flores;https://sorprendeme.com/img/flores/744.jpg;179;15/01/2025
18.0;ROSAS ROJAS;Edición limitada;174730.0;flores;https://sorprendeme.com/img/flores/136.jpg;151;2025-12-21
5630.0;UNICORNIO;Producto especial;346032.0;peluche;https://sorprendeme.com/img/peluche/433.jpg;177;2024-01-10
1679.0;CAJA DE AMOR;Producto especial;119973.0;ancheta;https://sorprendeme.com/img/ancheta/903.jpg;76;2025-01-27
2689.0;Caja de Amor;;132648.0;ancheta;https://sorprendeme.com/img/ancheta/219.jpg;160;2024-03-11
1647.0;Liliums Blancos;Edición limitada;267069.0;Flores;https://sorprendeme.com/img/flores/604.jpg;186;2024-08-10
4538.0;Girasoles;Producto especial;98136.0;flores;https://sorprendeme.com/img/flores/616.jpg;153;23/05/2024
;Rosas Rojas;Edición limitada;265528.0;flores;https://sorprendeme.com/img/flores/303.jpg;165;05-11-2025
8186.0;Liliums Blancos;Producto especial;191976.0;flores;https://sorprendeme.com/img/flores/13.jpg;92;25/04/2024
0.0;Canasta Especial;Edición limitada;270513.0;ancheta;https://sorprendeme.com/img/ancheta/978.jpg;197;08/05/2025
653.0;ANCHETA ROMÁNTICA;Producto especial;332808.0;ancheta;https://sorprendeme.com/img/ancheta/408.jpg;129;25/09/2024
1351.0;Unicornio;Edición limitada;107952.0;Peluche;https://sorprendeme.com/img/peluche/318.jpg;20;03/09/2025
6402.0;Caja de Amor;Producto especial;118907.0;ancheta;https://sorprendeme.com/img/ancheta/448.jpg;186;03-07-2025
7119.0;Ancheta Romántica;Producto especial;166880.0;Ancheta;https://sorprendeme.com/img/ancheta/624.jpg;14;2024-09-07
2249.0;Conejo Gigante;Producto especial;69884.0;Peluche;https://sorprendeme.com/img/peluche/976.jpg;88;2024-05-02
2080.0;Panda Suave;Más vendido;260534.0;peluche;https://sorprendeme.com/img/peluche/121.jpg;197;19-06-2024
0.0;Liliums Blancos;Producto especial;181209.0;flores;https://sorprendeme.com/img/flores/524.jpg;92;2024-10-05
;Ancheta Premium;Producto especial;91515.0;ancheta;https://sorprendeme.com/img/ancheta/522.jpg;0;10-06-2024
6275.0;Ancheta Romántica;Edición limitada;74952.0;Ancheta;https://sorprendeme.com/img/ancheta/984.jpg;9;28-04-2025
4068.0;Unicornio;;321811.0;peluche;https://sorprendeme.com/img/peluche/328.jpg;69;17-08-2024
-1.0;Panda Suave;Edición limitada;284453.0;peluche;https://sorprendeme.com/img/peluche/48.jpg;102;2024-05-02
9062.0;Girasoles;;17670.0;Flores;https://sorprendeme.com/img/flores/206.jpg;74;2024-12-01
9695.0;Bouquet Mixto;;349259.0;flores;https://sorprendeme.com/img/flores/795.jpg;50;20-04-2025
6719.0;Conejo Gigante;Producto especial;93054.0;peluche;https://sorprendeme.com/img/peluche/355.jpg;162;2024-06-03
5039.0;Ancheta Premium;Producto especial;83740.0;Ancheta;https://sorprendeme.com/img/ancheta/244.jpg;107;01/02/2024
1525.0;Caja de Amor;Producto especial;323627.0;Ancheta;https://sorprendeme.com/img/ancheta/919.jpg;133;29-12-2025
8281.0;Liliums Blancos;Edición limitada;228467.0;Flores;https://sorprendeme.com/img/flores/404.jpg;19;2024-03-27
3880.0;Canasta Especial;Más vendido;102432.0;ancheta;https://sorprendeme.com/img/ancheta/323.jpg;100;09/11/2025
4456.0;Panda Suave;Edición limitada;40020.0;peluche;https://sorprendeme.com/img/peluche/208.jpg;34;11/21/2024
2694.0;Oso de Peluche;;171128.0;Peluche;https://sorprendeme.com/img/peluche/417.jpg;30;2024-06-08
4342.0;Canasta Especial;Producto especial;45291.0;Ancheta;https://sorprendeme.com/img/ancheta/827.jpg;175;11/11/2024
2431.0;Oso de Peluche;Producto especial;253238.0;Peluche;https://sorprendeme.com/img/peluche/992.jpg;91;08-08-2024
510.0;Ancheta Premium;;301291.0;Ancheta;https://sorprendeme.com/img/ancheta/570.jpg;191;23/09/2024
1990.0;CANASTA ESPECIAL;Producto especial;35659.0;ancheta;https://sorprendeme.com/img/ancheta/800.jpg;56;14/04/2024
9541.0;Girasoles;Más vendido;322339.0;flores;https://sorprendeme.com/img/flores/77.jpg;5;2025-12-03
5433.0;CANASTA ESPECIAL;Producto especial;29303.0;ancheta;https://sorprendeme.com/img/ancheta/473.jpg;12;2024-05-11
484.0;UNICORNIO;;243876.0;peluche;https://sorprendeme.com/img/peluche/177.jpg;90;02/08/2025
2436.0;Ancheta Premium;Producto especial;220726.0;ancheta;https://sorprendeme.com/img/ancheta/632.jpg;62;10/13/2024
1000.0;LILIUMS BLANCOS;Producto especial;108725.0;flores;https://sorprendeme.com/img/flores/141.jpg;107;07/17/2025
6267.0;Conejo Gigante;Más vendido;175694.0;Peluche;https://sorprendeme.com/img/peluche/801.jpg;124;2025-10-07
2947.0;Panda Suave;Producto especial;121824.0;peluche;https://sorprendeme.com/img/peluche/225.jpg;7;01-02-2025
9569.0;Rosas Rojas;Edición limitada;341283.0;flores;https://sorprendeme.com/img/flores/103.jpg;63;28-04-2025
5814.0;Rosas Rojas;Edición limitada;73994.0;flores;https://sorprendeme.com/img/flores/607.jpg;81;08/12/2024
5762.0;Panda Suave;Edición limitada;203641.0;Peluche;https://sorprendeme.com/img/peluche/193.jpg;126;2025-08-28
921.0;Canasta Especial;Edición limitada;216557.0;Ancheta;https://sorprendeme.com/img/ancheta/21.jpg;134;2024-02-08
2908.0;Bouquet Mixto;Más vendido;34951.0;flores;https://sorprendeme.com/img/flores/152.jpg;150;13-05-2024
1189.0;Ancheta Romántica;Más vendido;251020.0;Ancheta;https://sorprendeme.com/img/ancheta/679.jpg;101;22-06-2025
2581.0;Girasoles;;280267.0;flores;https://sorprendeme.com/img/flores/984.jpg;124;26/11/2024
6200.0;ANCHETA PREMIUM;Más vendido;260888.0;ancheta;https://sorprendeme.com/img/ancheta/302.jpg;32;16/08/2024
2984.0;CANASTA ESPECIAL;Más vendido;323548.0;ancheta;https://sorprendeme.com/img/ancheta/991.jpg;156;2025-08-04
5426.0;Oso de Peluche;Producto especial;94729.0;peluche;https://sorprendeme.com/img/peluche/328.jpg;42;23/05/2025
4346.0;ANCHETA PREMIUM;Edición limitada;98596.0;ancheta;https://sorprendeme.com/img/ancheta/70.jpg;89;2025-04-02
7180.0;Ancheta Romántica;;339649.0;Ancheta;https://sorprendeme.com/img/ancheta/906.jpg;105;02/19/2024
1662.0;Girasoles;;279225.0;flores;https://sorprendeme.com/img/flores/592.jpg;166;07/13/2025
;Caja de Amor;Más vendido;21726.0;ancheta;https://sorprendeme.com/img/ancheta/268.jpg;26;2025-04-07
5537.0;BOUQUET MIXTO;;251009.0;flores;https://sorprendeme.com/img/flores/442.jpg;167;2024-03-17
5425.0;Bouquet Mixto;Edición limitada;341423.0;Flores;https://sorprendeme.com/img/flores/420.jpg;178;2024-02-24
4873.0;Panda Suave;Edición limitada;47132.0;Peluche;https://sorprendeme.com/img/peluche/403.jpg;146;07-11-2025
63.0;Bouquet Mixto;;44356.0;flores;https://sorprendeme.com/img/flores/844.jpg;169;25-02-2024
3391.0;Bouquet Mixto;Edición limitada;228794.0;flores;https://sorprendeme.com/img/flores/84.jpg;121;2024-04-09
4342.0;Liliums Blancos;Producto especial;230025.0;Flores;https://sorprendeme.com/img/flores/397.jpg;47;04/27/2025
732.0;Girasoles;Más vendido;162313.0;flores;https://sorprendeme.com/img/flores/270.jpg;57;07/10/2024
1405.0;Oso de Peluche;Más vendido;285740.0;Peluche;https://sorprendeme.com/img/peluche/424.jpg;193;2024-06-03
8774.0;OSO DE PELUCHE;;206859.0;peluche;https://sorprendeme.com/img/peluche/242.jpg;121;01/31/2025
1971.0;Rosas Rojas;;72914.0;flores;https://sorprendeme.com/img/flores/172.jpg;54;29/05/2025
7134.0;Ancheta Romántica;Edición limitada;349085.0;ancheta;https://sorprendeme.com/img/ancheta/643.jpg;37;2025-03-09
6359.0;Girasoles;;199938.0;Flores;https://sorprendeme.com/img/flores/878.jpg;70;2024-03-09
2452.0;Canasta Especial;Edición limitada;204809.0;ancheta;https://sorprendeme.com/img/ancheta/597.jpg;194;04/25/2024
4688.0;Ancheta Romántica;Más vendido;309094.0;ancheta;https://sorprendeme.com/img/ancheta/271.jpg;98;2025-07-30
4513.0;Unicornio;;63191.0;peluche;https://sorprendeme.com/img/peluche/624.jpg;174;08/02/2024
-1.0;Canasta Especial;;323480.0;ancheta;https://sorprendeme.com/img/ancheta/919.jpg;95;05/12/2024
3735.0;Girasoles;Edición limitada;115661.0;flores;https://sorprendeme.com/img/flores/762.jpg;113;2025-05-18
3080.0;Girasoles;;85816.0;flores;https://sorprendeme.com/img/flores/844.jpg;104;2025-03-02
1076.0;Panda Suave;Más vendido;252706.0;peluche;https://sorprendeme.com/img/peluche/414.jpg;34;27/02/2024
3289.0;Oso de Peluche;Producto especial;98579.0;peluche;https://sorprendeme.com/img/peluche/468.jpg;12;26/06/2024
-1.0;Conejo Gigante;;227862.0;peluche;https://sorprendeme.com/img/peluche/127.jpg;174;07-10-2024
9616.0;Liliums Blancos;Más vendido;130323.0;flores;https://sorprendeme.com/img/flores/858.jpg;66;06/30/2024
6334.0;Oso de Peluche;Producto especial;69574.0;peluche;https://sorprendeme.com/img/peluche/586.jpg;199;2024-10-18
4409.0;Caja de Amor;;186949.0;ancheta;https://sorprendeme.com/img/ancheta/886.jpg;199;24/11/2025
2838.0;Oso de Peluche;Producto especial;89963.0;peluche;https://sorprendeme.com/img/peluche/623.jpg;78;30/04/2025
5714.0;Panda Suave;;99420.0;peluche;https://sorprendeme.com/img/peluche/478.jpg;77;03/09/2025
121.0;UNICORNIO;Más vendido;203088.0;peluche;https://sorprendeme.com/img/peluche/609.jpg;155;2025-08-21
5510.0;OSO DE PELUCHE;Más vendido;229599.0;peluche;https://sorprendeme.com/img/peluche/883.jpg;70;2025-05-08
8476.0;Panda Suave;Edición limitada;316395.0;Peluche;https://sorprendeme.com/img/peluche/825.jpg;153;11/07/2024
4844.0;Bouquet Mixto;Más vendido;318815.0;flores;https://sorprendeme.com/img/flores/415.jpg;99;01/27/2024
8760.0;Conejo Gigante;;318686.0;Peluche;https://sorprendeme.com/img/peluche/688.jpg;91;17/12/2024
7714.0;Caja de Amor;Edición limitada;263208.0;ancheta;https://sorprendeme.com/img/ancheta/743.jpg;143;2024-10-27
3642.0;Ancheta Premium;Más vendido;89815.0;Ancheta;https://sorprendeme.com/img/ancheta/893.jpg;78;2025-11-01
7599.0;Girasoles;Producto especial;172630.0;Flores;https://sorprendeme.com/img/flores/888.jpg;162;23-09-2024
8200.0;OSO DE PELUCHE;Producto especial;305612.0;peluche;https://sorprendeme.com/img/peluche/391.jpg;135;28/04/2025
5615.0;CAJA DE AMOR;;345709.0;ancheta;https://sorprendeme.com/img/ancheta/915.jpg;117;20/05/2024
5450.0;Conejo Gigante;Edición limitada;119994.0;Peluche;https://sorprendeme.com/img/peluche/60.jpg;1;03/23/2024
8022.0;Caja de Amor;Producto especial;58351.0;Ancheta;https://sorprendeme.com/img/ancheta/445.jpg;162;13/08/2025
619.0;Liliums Blancos;Edición limitada;259771.0;flores;https://sorprendeme.com/img/flores/973.jpg;3;2025-01-27
4077.0;CONEJO GIGANTE;Edición limitada;247331.0;peluche;https://sorprendeme.com/img/peluche/353.jpg;79;2024-01-19
750.0;Girasoles;Más vendido;332735.0;Flores;https://sorprendeme.com/img/flores/467.jpg;186;2024-06-20
5616.0;Panda Suave;;135349.0;peluche;https://sorprendeme.com/img/peluche/193.jpg;42;20/03/2025
2150.0;ROSAS ROJAS;Edición limitada;260916.0;flores;https://sorprendeme.com/img/flores/604.jpg;129;21/08/2024
8762.0;ROSAS ROJAS;Producto especial;213965.0;flores;https://sorprendeme.com/img/flores/50.jpg;169;19-01-2025
6829.0;Ancheta Romántica;;142385.0;Ancheta;https://sorprendeme.com/img/ancheta/561.jpg;64;2025-12-07
4934.0;CAJA DE AMOR;;236658.0;ancheta;https://sorprendeme.com/img/ancheta/679.jpg;133;2025-12-12
8382.0;Conejo Gigante;Producto especial;109707.0;Peluche;https://sorprendeme.com/img/peluche/804.jpg;27;2025-03-04
5865.0;Conejo Gigante;;113943.0;Peluche;https://sorprendeme.com/img/peluche/41.jpg;140;26/09/2024
45.0;Canasta Especial;Producto especial;239997.0;ancheta;https://sorprendeme.com/img/ancheta/929.jpg;28;04/12/2024
8384.0;Unicornio;Producto especial;257394.0;peluche;https://sorprendeme.com/img/peluche/104.jpg;65;2024-06-01
821.0;Girasoles;Producto especial;287415.0;flores;https://sorprendeme.com/img/flores/896.jpg;10;09/27/2024
1557.0;Girasoles;Producto especial;18240.0;flores;https://sorprendeme.com/img/flores/142.jpg;169;2025-03-12
1523.0;Girasoles;Más vendido;288013.0;Flores;https://sorprendeme.com/img/flores/188.jpg;29;24-03-2025
;Girasoles;Edición limitada;52874.0;flores;https://sorprendeme.com/img/flores/713.jpg;185;01/29/2025
9322.0;Canasta Especial;;75722.0;Ancheta;https://sorprendeme.com/img/ancheta/389.jpg;199;08/27/2025
1851.0;Caja de Amor;;162630.0;ancheta;https://sorprendeme.com/img/ancheta/65.jpg;66;05/09/2025
8505.0;Caja de Amor;Producto especial;160004.0;Ancheta;https://sorprendeme.com/img/ancheta/745.jpg;63;16-11-2025
191.0;Unicornio;Edición limitada;184365.0;peluche;https://sorprendeme.com/img/peluche/481.jpg;126;2024-06-01
5422.0;Canasta Especial;Más vendido;31867.0;ancheta;https://sorprendeme.com/img/ancheta/229.jpg;140;24/11/2024
7278.0;Bouquet Mixto;;44487.0;Flores;https://sorprendeme.com/img/flores/511.jpg;114;03/21/2024
6756.0;Rosas Rojas;Producto especial;201639.0;flores;https://sorprendeme.com/img/flores/1.jpg;23;04/15/2024
7475.0;Panda Suave;Más vendido;136720.0;peluche;https://sorprendeme.com/img/peluche/56.jpg;57;04/06/2025
-1.0;Liliums Blancos;Producto especial;47641.0;flores;https://sorprendeme.com/img/flores/675.jpg;56;03-11-2025
1742.0;Panda Suave;Producto especial;315454.0;peluche;https://sorprendeme.com/img/peluche/505.jpg;35;14-07-2025
3210.0;UNICORNIO;Edición limitada;55450.0;peluche;https://sorprendeme.com/img/peluche/873.jpg;100;19-04-2024
762.0;Ancheta Premium;Producto especial;273669.0;ancheta;https://sorprendeme.com/img/ancheta/462.jpg;117;04/20/2024
8690.0;Conejo Gigante;Producto especial;200331.0;Peluche;https://sorprendeme.com/img/peluche/444.jpg;149;2025-05-25
2104.0;Conejo Gigante;Producto especial;144781.0;peluche;https://sorprendeme.com/img/peluche/615.jpg;155;09/12/2025
4483.0;Unicornio;;337804.0;Peluche;https://sorprendeme.com/img/peluche/994.jpg;75;04/03/2025
8976.0;Caja de Amor;Más vendido;253478.0;ancheta;https://sorprendeme.com/img/ancheta/958.jpg;141;26-02-2025
5658.0;Caja de Amor;Edición limitada;343747.0;Ancheta;https://sorprendeme.com/img/ancheta/666.jpg;45;01-10-2025
5772.0;Panda Suave;;210240.0;peluche;https://sorprendeme.com/img/peluche/966.jpg;170;2025-12-28
8565.0;Panda Suave;Producto especial;23466.0;peluche;https://sorprendeme.com/img/peluche/149.jpg;13;2025-03-08
4106.0;ANCHETA PREMIUM;Edición limitada;296193.0;ancheta;https://sorprendeme.com/img/ancheta/708.jpg;200;13-06-2024
1680.0;OSO DE PELUCHE;Edición limitada;263708.0;peluche;https://sorprendeme.com/img/peluche/575.jpg;99;01/02/2025
6252.0;Panda Suave;;154550.0;Peluche;https://sorprendeme.com/img/peluche/808.jpg;175;2025-12-10
3328.0;Oso de Peluche;;293044.0;peluche;https://sorprendeme.com/img/peluche/934.jpg;162;14-01-2024
3171.0;PANDA SUAVE;Más vendido;165353.0;peluche;https://sorprendeme.com/img/peluche/700.jpg;19;25/08/2025
7021.0;Ancheta Romántica;Más vendido;201461.0;Ancheta;https://sorprendeme.com/img/ancheta/134.jpg;41;2025-01-21
0.0;Rosas Rojas;Producto especial;66491.0;flores;https://sorprendeme.com/img/flores/331.jpg;152;12/04/2024
1195.0;Panda Suave;Más vendido;191007.0;Peluche;https://sorprendeme.com/img/peluche/980.jpg;47;17-05-2025
1507.0;Conejo Gigante;Más vendido;89101.0;Peluche;https://sorprendeme.com/img/peluche/219.jpg;169;03/01/2025
9197.0;GIRASOLES;Producto especial;53432.0;flores;https://sorprendeme.com/img/flores/355.jpg;114;08/11/2024
6249.0;CONEJO GIGANTE;Producto especial;144268.0;peluche;https://sorprendeme.com/img/peluche/554.jpg;185;10-02-2024
7976.0;Panda Suave;Producto especial;114305.0;Peluche;https://sorprendeme.com/img/peluche/668.jpg;49;06/10/2025
1073.0;Ancheta Romántica;Edición limitada;239562.0;ancheta;https://sorprendeme.com/img/ancheta/793.jpg;54;2024-06-20
;Rosas Rojas;Edición limitada;22957.0;flores;https://sorprendeme.com/img/flores/735.jpg;84;07/29/2024
9421.0;Caja de Amor;Edición limitada;320181.0;Ancheta;https://sorprendeme.com/img/ancheta/418.jpg;99;2024-09-14
6382.0;Liliums Blancos;Producto especial;194170.0;flores;https://sorprendeme.com/img/flores/657.jpg;184;2024-11-19
5861.0;Oso de Peluche;Producto especial;112095.0;peluche;https://sorprendeme.com/img/peluche/703.jpg;77;2025-12-18
505.0;Liliums Blancos;;67368.0;flores;https://sorprendeme.com/img/flores/226.jpg;34;01/25/2025
4884.0;Panda Suave;Más vendido;335726.0;peluche;https://sorprendeme.com/img/peluche/12.jpg;141;11/10/2025
9384.0;Ancheta Romántica;;194946.0;Ancheta;https://sorprendeme.com/img/ancheta/970.jpg;21;2024-02-12
8398.0;Panda Suave;Edición limitada;68920.0;peluche;https://sorprendeme.com/img/peluche/227.jpg;157;08/04/2024
8993.0;Ancheta Romántica;;230966.0;ancheta;https://sorprendeme.com/img/ancheta/75.jpg;74;2024-07-04
5421.0;ROSAS ROJAS;Más vendido;57952.0;flores;https://sorprendeme.com/img/flores/672.jpg;60;07/21/2024
7961.0;Oso de Peluche;;124996.0;peluche;https://sorprendeme.com/img/peluche/676.jpg;78;17-07-2024
2763.0;Ancheta Premium;Producto especial;119927.0;ancheta;https://sorprendeme.com/img/ancheta/805.jpg;56;11/19/2024
2201.0;Unicornio;Más vendido;309092.0;Peluche;https://sorprendeme.com/img/peluche/474.jpg;114;10-10-2024
2880.0;Liliums Blancos;Producto especial;297001.0;flores;https://sorprendeme.com/img/flores/880.jpg;35;2025-07-18
1236.0;Ancheta Premium;Producto especial;299612.0;ancheta;https://sorprendeme.com/img/ancheta/647.jpg;7;2025-10-03
601.0;Unicornio;Más vendido;197062.0;peluche;https://sorprendeme.com/img/peluche/553.jpg;120;27/08/2025
-1.0;Ancheta Premium;Más vendido;59850.0;ancheta;https://sorprendeme.com/img/ancheta/514.jpg;130;05/02/2025
2718.0;Oso de Peluche;Edición limitada;164484.0;peluche;https://sorprendeme.com/img/peluche/184.jpg;144;09/11/2025
663.0;CONEJO GIGANTE;Edición limitada;270093.0;peluche;https://sorprendeme.com/img/peluche/238.jpg;16;10-05-2025
8486.0;Ancheta Romántica;Más vendido;145011.0;ancheta;https://sorprendeme.com/img/ancheta/940.jpg;116;15/11/2025
4315.0;Ancheta Premium;Edición limitada;141181.0;Ancheta;https://sorprendeme.com/img/ancheta/388.jpg;93;15-04-2024
8461.0;Ancheta Premium;;133221.0;Ancheta;https://sorprendeme.com/img/ancheta/889.jpg;88;20/01/2025
7208.0;ROSAS ROJAS;Edición limitada;92047.0;flores;https://sorprendeme.com/img/flores/527.jpg;164;28/05/2025
9864.0;Caja de Amor;Producto especial;236472.0;ancheta;https://sorprendeme.com/img/ancheta/425.jpg;84;10-06-2024
9680.0;LILIUMS BLANCOS;Edición limitada;231832.0;flores;https://sorprendeme.com/img/flores/421.jpg;5;05/05/2025
9377.0;Caja de Amor;Edición limitada;33731.0;Ancheta;https://sorprendeme.com/img/ancheta/265.jpg;46;2024-05-17
1405.0;ROSAS ROJAS;Edición limitada;165483.0;flores;https://sorprendeme.com/img/flores/483.jpg;123;08-11-2025
8370.0;Bouquet Mixto;Más vendido;71187.0;flores;https://sorprendeme.com/img/flores/703.jpg;87;19/08/2025
6316.0;Oso de Peluche;Edición limitada;51371.0;peluche;https://sorprendeme.com/img/peluche/208.jpg;133;08/23/2024
2907.0;Unicornio;;317039.0;peluche;https://sorprendeme.com/img/peluche/615.jpg;9;2024-06-02
2136.0;Oso de Peluche;Producto especial;315485.0;peluche;https://sorprendeme.com/img/peluche/794.jpg;173;04/05/2024
8681.0;Unicornio;;91878.0;peluche;https://sorprendeme.com/img/peluche/822.jpg;123;2025-01-14
6972.0;Girasoles;Edición limitada;100264.0;flores;https://sorprendeme.com/img/flores/785.jpg;59;2025-08-26
4224.0;Ancheta Premium;Edición limitada;16832.0;Ancheta;https://sorprendeme.com/img/ancheta/762.jpg;1;09/04/2025
5176.0;Ancheta Romántica;;136360.0;ancheta;https://sorprendeme.com/img/ancheta/159.jpg;109;19/01/2025
9252.0;Girasoles;Más vendido;219980.0;flores;https://sorprendeme.com/img/flores/697.jpg;101;07/02/2025
9161.0;Liliums Blancos;;100016.0;Flores;https://sorprendeme.com/img/flores/315.jpg;147;02-07-2024
3765.0;UNICORNIO;;277342.0;peluche;https://sorprendeme.com/img/peluche/973.jpg;41;2024-05-21
2634.0;Unicornio;;338131.0;peluche;https://sorprendeme.com/img/peluche/6.jpg;23;2024-12-12
4311.0;Liliums Blancos;Edición limitada;139230.0;flores;https://sorprendeme.com/img/flores/624.jpg;9;2024-03-31
2872.0;Girasoles;;162056.0;flores;https://sorprendeme.com/img/flores/207.jpg;168;2025-12-29
9823.0;Panda Suave;Edición limitada;221089.0;Peluche;https://sorprendeme.com/img/peluche/691.jpg;9;2024-07-18
4521.0;Oso de Peluche;;133298.0;Peluche;https://sorprendeme.com/img/peluche/405.jpg;103;2024-06-10
1478.0;Oso de Peluche;Más vendido;258256.0;Peluche;https://sorprendeme.com/img/peluche/573.jpg;149;2025-12-21
7451.0;Bouquet Mixto;;207594.0;Flores;https://sorprendeme.com/img/flores/268.jpg;44;12/09/2025
5571.0;Ancheta Romántica;Producto especial;283986.0;ancheta;https://sorprendeme.com/img/ancheta/980.jpg;65;30-05-2025
6179.0;Panda Suave;;272939.0;peluche;https://sorprendeme.com/img/peluche/776.jpg;86;12/11/2025
7897.0;Liliums Blancos;Producto especial;101370.0;flores;https://sorprendeme.com/img/flores/392.jpg;162;2025-08-23
5786.0;CAJA DE AMOR;Producto especial;249774.0;ancheta;https://sorprendeme.com/img/ancheta/270.jpg;63;11/19/2024
7808.0;GIRASOLES;Más vendido;133435.0;flores;https://sorprendeme.com/img/flores/916.jpg;146;18/03/2024
3848.0;CONEJO GIGANTE;Edición limitada;307369.0;peluche;https://sorprendeme.com/img/peluche/212.jpg;58;25/05/2025
1965.0;Ancheta Premium;Producto especial;241397.0;ancheta;https://sorprendeme.com/img/ancheta/680.jpg;126;2024-06-08
5168.0;Oso de Peluche;;315871.0;peluche;https://sorprendeme.com/img/peluche/903.jpg;147;08-05-2025
6519.0;Bouquet Mixto;Edición limitada;266307.0;Flores;https://sorprendeme.com/img/flores/132.jpg;13;07-06-2025
8233.0;LILIUMS BLANCOS;Más vendido;146895.0;flores;https://sorprendeme.com/img/flores/703.jpg;198;2025-07-07
194.0;Canasta Especial;Edición limitada;142108.0;Ancheta;https://sorprendeme.com/img/ancheta/104.jpg;83;2024-11-19
3886.0;Bouquet Mixto;Más vendido;172901.0;Flores;https://sorprendeme.com/img/flores/628.jpg;87;15-07-2025
6100.0;LILIUMS BLANCOS;Más vendido;301199.0;flores;https://sorprendeme.com/img/flores/287.jpg;115;08/03/2024
3864.0;Caja de Amor;;301863.0;ancheta;https://sorprendeme.com/img/ancheta/201.jpg;37;12-04-2024
2894.0;Conejo Gigante;;182365.0;Peluche;https://sorprendeme.com/img/peluche/915.jpg;161;2025-04-29
-1.0;Panda Suave;Producto especial;148465.0;peluche;https://sorprendeme.com/img/peluche/708.jpg;41;13-05-2025
4257.0;Rosas Rojas;Más vendido;135703.0;Flores;https://sorprendeme.com/img/flores/571.jpg;65;05-04-2025
9452.0;Rosas Rojas;Edición limitada;343090.0;Flores;https://sorprendeme.com/img/flores/292.jpg;90;25/12/2024
6244.0;Unicornio;Más vendido;170357.0;peluche;https://sorprendeme.com/img/peluche/980.jpg;37;2025-04-02
1169.0;Panda Suave;Producto especial;69270.0;Peluche;https://sorprendeme.com/img/peluche/234.jpg;80;03/07/2025
4445.0;Girasoles;;276626.0;flores;https://sorprendeme.com/img/flores/962.jpg;92;09/11/2025
3013.0;UNICORNIO;Producto especial;56888.0;peluche;https://sorprendeme.com/img/peluche/241.jpg;169;27/02/2025
6506.0;Oso de Peluche;Producto especial;47010.0;Peluche;https://sorprendeme.com/img/peluche/960.jpg;121;03/08/2024
1703.0;Canasta Especial;Más vendido;222064.0;ancheta;https://sorprendeme.com/img/ancheta/87.jpg;167;2025-06-20
4656.0;Girasoles;;224871.0;flores;https://sorprendeme.com/img/flores/135.jpg;134;22/08/2024
5329.0;Ancheta Romántica;;171510.0;ancheta;https://sorprendeme.com/img/ancheta/892.jpg;138;10-11-2025
9681.0;Unicornio;;226401.0;Peluche;https://sorprendeme.com/img/peluche/652.jpg;144;18/05/2024
8842.0;Panda Suave;Edición limitada;284577.0;Peluche;https://sorprendeme.com/img/peluche/453.jpg;78;12/21/2024
-1.0;Bouquet Mixto;Edición limitada;130201.0;flores;https://sorprendeme.com/img/flores/481.jpg;136;2024-11-06
4800.0;GIRASOLES;Edición limitada;281917.0;flores;https://sorprendeme.com/img/flores/562.jpg;95;01/10/2024
0.0;Unicornio;;292523.0;peluche;https://sorprendeme.com/img/peluche/226.jpg;67;08/02/2025
6766.0;ANCHETA PREMIUM;Edición limitada;300916.0;ancheta;https://sorprendeme.com/img/ancheta/187.jpg;34;18-10-2024
0.0;Unicornio;;77909.0;peluche;https://sorprendeme.com/img/peluche/20.jpg;38;09/24/2025
4411.0;CAJA DE AMOR;Edición limitada;254591.0;ancheta;https://sorprendeme.com/img/ancheta/745.jpg;2;14-04-2024
5602.0;Ancheta Romántica;;119378.0;ancheta;https://sorprendeme.com/img/ancheta/819.jpg;127;20/05/2025
2394.0;Rosas Rojas;Producto especial;104279.0;Flores;https://sorprendeme.com/img/flores/402.jpg;18;2024-12-04
207.0;Caja de Amor;Producto especial;341490.0;Ancheta;https://sorprendeme.com/img/ancheta/732.jpg;63;09/13/2024
7551.0;Bouquet Mixto;Producto especial;189582.0;Flores;https://sorprendeme.com/img/flores/214.jpg;121;04/02/2024
9005.0;GIRASOLES;Producto especial;99860.0;flores;https://sorprendeme.com/img/flores/654.jpg;76;2024-06-11
7114.0;Caja de Amor;Más vendido;20048.0;Ancheta;https://sorprendeme.com/img/ancheta/814.jpg;70;25/04/2024
9521.0;Bouquet Mixto;;245616.0;flores;https://sorprendeme.com/img/flores/159.jpg;95;2024-01-10
5545.0;Caja de Amor;Producto especial;35025.0;ancheta;https://sorprendeme.com/img/ancheta/661.jpg;39;2025-05-26
5190.0;CAJA DE AMOR;Más vendido;284851.0;ancheta;https://sorprendeme.com/img/ancheta/450.jpg;187;14/05/2025
4108.0;UNICORNIO;Producto especial;177576.0;peluche;https://sorprendeme.com/img/peluche/449.jpg;143;01/01/2025
8907.0;Unicornio;Más vendido;123433.0;peluche;https://sorprendeme.com/img/peluche/480.jpg;70;13/07/2024
7363.0;Conejo Gigante;Más vendido;289505.0;Peluche;https://sorprendeme.com/img/peluche/555.jpg;93;11/03/2024
5966.0;Unicornio;Edición limitada;122433.0;peluche;https://sorprendeme.com/img/peluche/65.jpg;168;2024-07-08
9036.0;Bouquet Mixto;Edición limitada;220368.0;flores;https://sorprendeme.com/img/flores/331.jpg;104;06/20/2025
718.0;ANCHETA ROMÁNTICA;Edición limitada;74844.0;ancheta;https://sorprendeme.com/img/ancheta/33.jpg;51;2025-06-19
8027.0;Ancheta Romántica;Más vendido;31444.0;ancheta;https://sorprendeme.com/img/ancheta/227.jpg;155;02/02/2024
1311.0;Caja de Amor;;283342.0;Ancheta;https://sorprendeme.com/img/ancheta/63.jpg;92;11/02/2025
;Girasoles;Producto especial;260991.0;flores;https://sorprendeme.com/img/flores/855.jpg;77;2025-12-26
8711.0;OSO DE PELUCHE;;78469.0;peluche;https://sorprendeme.com/img/peluche/539.jpg;168;13/04/2024
1729.0;Conejo Gigante;Más vendido;240955.0;Peluche;https://sorprendeme.com/img/peluche/720.jpg;170;07/25/2025
8269.0;Caja de Amor;Más vendido;235273.0;Ancheta;https://sorprendeme.com/img/ancheta/547.jpg;153;07/03/2024
6091.0;Girasoles;;271002.0;Flores;https://sorprendeme.com/img/flores/441.jpg;185;17-07-2025
5899.0;Caja de Amor;;164912.0;ancheta;https://sorprendeme.com/img/ancheta/407.jpg;0;19-01-2025
4946.0;Rosas Rojas;Producto especial;115612.0;flores;https://sorprendeme.com/img/flores/228.jpg;54;14/06/2025
1545.0;ANCHETA PREMIUM;Producto especial;169224.0;ancheta;https://sorprendeme.com/img/ancheta/160.jpg;35;20/07/2025
4921.0;Conejo Gigante;Producto especial;206113.0;peluche;https://sorprendeme.com/img/peluche/583.jpg;55;26-08-2024
8000.0;Panda Suave;Producto especial;214402.0;peluche;https://sorprendeme.com/img/peluche/308.jpg;9;09/05/2025
5479.0;Unicornio;Más vendido;309730.0;peluche;https://sorprendeme.com/img/peluche/445.jpg;106;2024-03-21
6267.0;Caja de Amor;Producto especial;117102.0;Ancheta;https://sorprendeme.com/img/ancheta/43.jpg;81;2025-10-30
2510.0;Ancheta Premium;Producto especial;240668.0;ancheta;https://sorprendeme.com/img/ancheta/403.jpg;114;29/05/2025
4748.0;Oso de Peluche;;64584.0;Peluche;https://sorprendeme.com/img/peluche/345.jpg;21;08/15/2024
4302.0;Oso de Peluche;Producto especial;148507.0;peluche;https://sorprendeme.com/img/peluche/445.jpg;198;07/15/2025
7994.0;Canasta Especial;;233503.0;ancheta;https://sorprendeme.com/img/ancheta/201.jpg;143;26/07/2025
0.0;Conejo Gigante;;123343.0;peluche;https://sorprendeme.com/img/peluche/947.jpg;147;2024-09-05
3121.0;Liliums Blancos;Más vendido;130416.0;flores;https://sorprendeme.com/img/flores/672.jpg;6;09-01-2025
2390.0;ANCHETA PREMIUM;;30034.0;ancheta;https://sorprendeme.com/img/ancheta/838.jpg;59;09/23/2025
894.0;Bouquet Mixto;Edición limitada;332895.0;flores;https://sorprendeme.com/img/flores/949.jpg;37;2024-03-28
5000.0;Rosas Rojas;;172849.0;flores;https://sorprendeme.com/img/flores/340.jpg;53;2024-12-17
8992.0;Caja de Amor;;223719.0;ancheta;https://sorprendeme.com/img/ancheta/145.jpg;177;13-07-2025
4186.0;Canasta Especial;Edición limitada;35137.0;ancheta;https://sorprendeme.com/img/ancheta/206.jpg;178;2025-08-19
1092.0;Canasta Especial;;236225.0;Ancheta;https://sorprendeme.com/img/ancheta/679.jpg;168;2025-11-01
3788.0;Ancheta Romántica;;185361.0;ancheta;https://sorprendeme.com/img/ancheta/727.jpg;25;10/26/2024
0.0;Rosas Rojas;;202830.0;flores;https://sorprendeme.com/img/flores/730.jpg;5;09/07/2024
2573.0;Girasoles;Producto especial;131171.0;flores;https://sorprendeme.com/img/flores/361.jpg;90;05/16/2025
6344.0;ANCHETA PREMIUM;Producto especial;331286.0;ancheta;https://sorprendeme.com/img/ancheta/972.jpg;71;04-03-2024
1439.0;Liliums Blancos;;189440.0;flores;https://sorprendeme.com/img/flores/695.jpg;156;03/11/2025
9387.0;Conejo Gigante;Edición limitada;157866.0;Peluche;https://sorprendeme.com/img/peluche/320.jpg;154;03/03/2025
9520.0;Conejo Gigante;Edición limitada;303967.0;peluche;https://sorprendeme.com/img/peluche/317.jpg;176;30/07/2024
9255.0;Conejo Gigante;Edición limitada;121361.0;peluche;https://sorprendeme.com/img/peluche/571.jpg;136;16/03/2025
484.0;Caja de Amor;Más vendido;309844.0;Ancheta;https://sorprendeme.com/img/ancheta/424.jpg;105;21/11/2024
1750.0;Panda Suave;Edición limitada;76890.0;peluche;https://sorprendeme.com/img/peluche/781.jpg;156;04/06/2024
3784.0;Conejo Gigante;Producto especial;135353.0;Peluche;https://sorprendeme.com/img/peluche/705.jpg;199;02/09/2025
3015.0;UNICORNIO;;179634.0;peluche;https://sorprendeme.com/img/peluche/141.jpg;41;30-12-2025
6768.0;CANASTA ESPECIAL;Edición limitada;263693.0;ancheta;https://sorprendeme.com/img/ancheta/208.jpg;193;16-01-2024
5324.0;Canasta Especial;;312342.0;ancheta;https://sorprendeme.com/img/ancheta/438.jpg;103;09/23/2025
9371.0;Unicornio;Producto especial;189417.0;peluche;https://sorprendeme.com/img/peluche/463.jpg;116;11/16/2024
644.0;CAJA DE AMOR;;187902.0;ancheta;https://sorprendeme.com/img/ancheta/646.jpg;12;06/15/2025
7559.0;Liliums Blancos;Edición limitada;156525.0;flores;https://sorprendeme.com/img/flores/628.jpg;13;07-11-2024
1482.0;Canasta Especial;Producto especial;75223.0;Ancheta;https://sorprendeme.com/img/ancheta/600.jpg;178;10/23/2025
409.0;Liliums Blancos;Edición limitada;166983.0;flores;https://sorprendeme.com/img/flores/919.jpg;182;11/27/2024
2687.0;Rosas Rojas;Producto especial;45549.0;flores;https://sorprendeme.com/img/flores/724.jpg;115;13-09-2024
6205.0;Canasta Especial;;29709.0;Ancheta;https://sorprendeme.com/img/ancheta/175.jpg;85;07/06/2025
2931.0;Conejo Gigante;Producto especial;155560.0;peluche;https://sorprendeme.com/img/peluche/317.jpg;186;15/06/2024
1927.0;Girasoles;Edición limitada;336745.0;flores;https://sorprendeme.com/img/flores/4.jpg;159;03/10/2025
8905.0;CANASTA ESPECIAL;Producto especial;218675.0;ancheta;https://sorprendeme.com/img/ancheta/506.jpg;60;05/24/2025
7240.0;Unicornio;Producto especial;216408.0;peluche;https://sorprendeme.com/img/peluche/7.jpg;62;04/09/2025
2430.0;Bouquet Mixto;Producto especial;233848.0;flores;https://sorprendeme.com/img/flores/38.jpg;37;20/02/2024
804.0;Panda Suave;Producto especial;154681.0;peluche;https://sorprendeme.com/img/peluche/183.jpg;41;2024-12-05
588.0;Conejo Gigante;Producto especial;272452.0;peluche;https://sorprendeme.com/img/peluche/331.jpg;94;11-04-2025
4798.0;Canasta Especial;;60073.0;Ancheta;https://sorprendeme.com/img/ancheta/712.jpg;70;2025-07-17
954.0;Bouquet Mixto;Producto especial;206408.0;flores;https://sorprendeme.com/img/flores/645.jpg;135;13/12/2025
4255.0;Girasoles;Más vendido;325580.0;Flores;https://sorprendeme.com/img/flores/630.jpg;144;13-03-2025
9985.0;UNICORNIO;Edición limitada;252377.0;peluche;https://sorprendeme.com/img/peluche/199.jpg;0;19/05/2025
6784.0;ROSAS ROJAS;Producto especial;126820.0;flores;https://sorprendeme.com/img/flores/574.jpg;163;07/31/2024
4169.0;Conejo Gigante;Producto especial;118104.0;Peluche;https://sorprendeme.com/img/peluche/519.jpg;140;07-12-2025
5593.0;Ancheta Romántica;;257673.0;ancheta;https://sorprendeme.com/img/ancheta/631.jpg;7;03-12-2025
7775.0;Ancheta Premium;Producto especial;231293.0;ancheta;https://sorprendeme.com/img/ancheta/494.jpg;39;12/12/2024
918.0;Panda Suave;Más vendido;204256.0;Peluche;https://sorprendeme.com/img/peluche/695.jpg;80;04/18/2025
5794.0;Caja de Amor;Producto especial;339820.0;Ancheta;https://sorprendeme.com/img/ancheta/288.jpg;7;14-08-2025
3071.0;Bouquet Mixto;Producto especial;304639.0;flores;https://sorprendeme.com/img/flores/770.jpg;78;08/07/2025
1423.0;Rosas Rojas;;308811.0;flores;https://sorprendeme.com/img/flores/381.jpg;115;10/05/2024
2868.0;BOUQUET MIXTO;Producto especial;140362.0;flores;https://sorprendeme.com/img/flores/39.jpg;199;21-06-2025
7908.0;Canasta Especial;Edición limitada;78721.0;ancheta;https://sorprendeme.com/img/ancheta/946.jpg;123;2025-06-02
1610.0;Panda Suave;Edición limitada;83738.0;Peluche;https://sorprendeme.com/img/peluche/38.jpg;117;01/12/2024
722.0;OSO DE PELUCHE;Producto especial;126652.0;peluche;https://sorprendeme.com/img/peluche/911.jpg;11;05-01-2024
3439.0;Panda Suave;Más vendido;82186.0;Peluche;https://sorprendeme.com/img/peluche/294.jpg;70;24-01-2024
2581.0;Rosas Rojas;Más vendido;53344.0;Flores;https://sorprendeme.com/img/flores/982.jpg;159;06/10/2024
9001.0;Caja de Amor;Más vendido;105802.0;ancheta;https://sorprendeme.com/img/ancheta/966.jpg;180;09-07-2025
0.0;Conejo Gigante;Más vendido;196093.0;peluche;https://sorprendeme.com/img/peluche/52.jpg;33;2024-06-24
1411.0;Ancheta Romántica;;146292.0;ancheta;https://sorprendeme.com/img/ancheta/722.jpg;152;2025-01-27
5120.0;Unicornio;Más vendido;288843.0;peluche;https://sorprendeme.com/img/peluche/731.jpg;194;23-09-2025
1523.0;Oso de Peluche;;47583.0;peluche;https://sorprendeme.com/img/peluche/318.jpg;175;21/04/2025
2355.0;Liliums Blancos;Más vendido;320809.0;flores;https://sorprendeme.com/img/flores/402.jpg;46;25/08/2024
7988.0;Panda Suave;Producto especial;36897.0;Peluche;https://sorprendeme.com/img/peluche/116.jpg;89;11/28/2024
8323.0;Ancheta Premium;Producto especial;150905.0;Ancheta;https://sorprendeme.com/img/ancheta/732.jpg;27;22/12/2024
6567.0;OSO DE PELUCHE;;94923.0;peluche;https://sorprendeme.com/img/peluche/250.jpg;140;11/05/2024
3412.0;Liliums Blancos;;277745.0;flores;https://sorprendeme.com/img/flores/446.jpg;145;08-03-2024
9408.0;Conejo Gigante;;53298.0;Peluche;https://sorprendeme.com/img/peluche/611.jpg;118;2024-06-26
6649.0;Canasta Especial;Producto especial;215417.0;ancheta;https://sorprendeme.com/img/ancheta/702.jpg;152;29-06-2024
1484.0;Girasoles;Edición limitada;288706.0;flores;https://sorprendeme.com/img/flores/909.jpg;148;2025-05-21
7422.0;OSO DE PELUCHE;Más vendido;145644.0;peluche;https://sorprendeme.com/img/peluche/592.jpg;114;30/05/2024
7123.0;Panda Suave;Más vendido;346747.0;peluche;https://sorprendeme.com/img/peluche/597.jpg;2;02-11-2024
0.0;Unicornio;Más vendido;316860.0;peluche;https://sorprendeme.com/img/peluche/992.jpg;13;10-05-2024
3855.0;Rosas Rojas;;250244.0;Flores;https://sorprendeme.com/img/flores/404.jpg;160;2024-10-15
8932.0;LILIUMS BLANCOS;Edición limitada;236933.0;flores;https://sorprendeme.com/img/flores/487.jpg;35;01/25/2025
0.0;Girasoles;Edición limitada;59983.0;flores;https://sorprendeme.com/img/flores/74.jpg;165;03/03/2025
2249.0;Liliums Blancos;;303151.0;flores;https://sorprendeme.com/img/flores/916.jpg;178;2024-05-19
9045.0;Bouquet Mixto;;143879.0;Flores;https://sorprendeme.com/img/flores/232.jpg;47;04/10/2025
6732.0;Canasta Especial;Más vendido;26210.0;Ancheta;https://sorprendeme.com/img/ancheta/39.jpg;145;30-08-2024
1312.0;Rosas Rojas;Edición limitada;259612.0;flores;https://sorprendeme.com/img/flores/540.jpg;192;08/17/2025
0.0;Rosas Rojas;;226272.0;flores;https://sorprendeme.com/img/flores/680.jpg;171;2025-06-19
5629.0;Panda Suave;Producto especial;172071.0;Peluche;https://sorprendeme.com/img/peluche/525.jpg;120;2025-09-19
4739.0;Liliums Blancos;Edición limitada;26834.0;flores;https://sorprendeme.com/img/flores/946.jpg;152;27-12-2024
9473.0;Panda Suave;Edición limitada;206908.0;peluche;https://sorprendeme.com/img/peluche/673.jpg;74;03/03/2024
1352.0;OSO DE PELUCHE;Edición limitada;184375.0;peluche;https://sorprendeme.com/img/peluche/872.jpg;200;10/20/2024
233.0;Ancheta Premium;Producto especial;217280.0;ancheta;https://sorprendeme.com/img/ancheta/932.jpg;151;08-10-2024
4281.0;Unicornio;Edición limitada;177448.0;peluche;https://sorprendeme.com/img/peluche/819.jpg;135;13/01/2025
8126.0;Rosas Rojas;;273073.0;Flores;https://sorprendeme.com/img/flores/244.jpg;169;28/05/2024
891.0;CONEJO GIGANTE;Más vendido;268087.0;peluche;https://sorprendeme.com/img/peluche/119.jpg;13;03-08-2024
8725.0;Liliums Blancos;Edición limitada;142233.0;Flores;https://sorprendeme.com/img/flores/723.jpg;99;11/04/2024
7354.0;Canasta Especial;;242295.0;ancheta;https://sorprendeme.com/img/ancheta/985.jpg;135;13-01-2024
7075.0;ANCHETA ROMÁNTICA;Más vendido;127214.0;ancheta;https://sorprendeme.com/img/ancheta/274.jpg;25;28-06-2025
9646.0;Unicornio;Edición limitada;189184.0;peluche;https://sorprendeme.com/img/peluche/694.jpg;176;17/04/2025
1114.0;Rosas Rojas;Producto especial;152768.0;flores;https://sorprendeme.com/img/flores/538.jpg;26;2025-11-19
3164.0;Bouquet Mixto;Producto especial;22940.0;flores;https://sorprendeme.com/img/flores/95.jpg;14;17-10-2024
1966.0;Conejo Gigante;Producto especial;301908.0;peluche;https://sorprendeme.com/img/peluche/134.jpg;96;2025-09-05
4151.0;Conejo Gigante;Más vendido;171430.0;peluche;https://sorprendeme.com/img/peluche/959.jpg;19;23/04/2024
-1.0;Liliums Blancos;Edición limitada;276545.0;flores;https://sorprendeme.com/img/flores/284.jpg;198;09-12-2025
2916.0;Rosas Rojas;;38248.0;flores;https://sorprendeme.com/img/flores/951.jpg;51;21-09-2024
8858.0;Canasta Especial;;88159.0;ancheta;https://sorprendeme.com/img/ancheta/659.jpg;27;21/04/2024
1195.0;Panda Suave;Producto especial;206400.0;Peluche;https://sorprendeme.com/img/peluche/257.jpg;198;2024-04-15
620.0;Bouquet Mixto;;104256.0;flores;https://sorprendeme.com/img/flores/717.jpg;84;2025-10-30
7834.0;Oso de Peluche;;150311.0;peluche;https://sorprendeme.com/img/peluche/746.jpg;199;06/11/2025
7899.0;Caja de Amor;Producto especial;205027.0;Ancheta;https://sorprendeme.com/img/ancheta/958.jpg;91;01/04/2024
5986.0;Liliums Blancos;Más vendido;41953.0;flores;https://sorprendeme.com/img/flores/471.jpg;194;2024-02-26
6295.0;Conejo Gigante;Edición limitada;115122.0;peluche;https://sorprendeme.com/img/peluche/400.jpg;27;2024-06-29
3105.0;Liliums Blancos;Edición limitada;26959.0;flores;https://sorprendeme.com/img/flores/26.jpg;184;03/27/2024
8857.0;Canasta Especial;Más vendido;182394.0;ancheta;https://sorprendeme.com/img/ancheta/989.jpg;115;2025-02-02
5534.0;Ancheta Romántica;Producto especial;150845.0;ancheta;https://sorprendeme.com/img/ancheta/217.jpg;167;2024-12-13
0.0;Bouquet Mixto;Producto especial;261379.0;flores;https://sorprendeme.com/img/flores/501.jpg;167;16/08/2025
236.0;Caja de Amor;Edición limitada;226942.0;ancheta;https://sorprendeme.com/img/ancheta/927.jpg;78;19/12/2025
9684.0;Canasta Especial;Producto especial;288963.0;Ancheta;https://sorprendeme.com/img/ancheta/109.jpg;29;17/09/2025
6984.0;Conejo Gigante;Más vendido;286860.0;Peluche;https://sorprendeme.com/img/peluche/756.jpg;173;05/03/2024
747.0;CAJA DE AMOR;Edición limitada;127394.0;ancheta;https://sorprendeme.com/img/ancheta/124.jpg;70;25/11/2024
;Bouquet Mixto;Edición limitada;161952.0;flores;https://sorprendeme.com/img/flores/948.jpg;148;14-12-2025
7979.0;Unicornio;Producto especial;17127.0;peluche;https://sorprendeme.com/img/peluche/184.jpg;22;2024-06-10
2080.0;Panda Suave;Edición limitada;62934.0;Peluche;https://sorprendeme.com/img/peluche/278.jpg;133;03/02/2025
9770.0;Caja de Amor;Edición limitada;255262.0;ancheta;https://sorprendeme.com/img/ancheta/627.jpg;22;2025-09-17
9138.0;Girasoles;Edición limitada;79287.0;flores;https://sorprendeme.com/img/flores/543.jpg;24;2025-03-04
4529.0;Conejo Gigante;Producto especial;79896.0;peluche;https://sorprendeme.com/img/peluche/816.jpg;38;20/04/2025
707.0;Liliums Blancos;Producto especial;231028.0;Flores;https://sorprendeme.com/img/flores/292.jpg;53;29/06/2024
860.0;Liliums Blancos;Edición limitada;67945.0;Flores;https://sorprendeme.com/img/flores/30.jpg;124;2024-02-14
6866.0;CAJA DE AMOR;Edición limitada;265274.0;ancheta;https://sorprendeme.com/img/ancheta/920.jpg;83;31-03-2025
0.0;Ancheta Premium;;306412.0;ancheta;https://sorprendeme.com/img/ancheta/385.jpg;56;2024-08-21
3542.0;Rosas Rojas;;74650.0;Flores;https://sorprendeme.com/img/flores/383.jpg;34;22/03/2025
5504.0;ANCHETA PREMIUM;Edición limitada;25752.0;ancheta;https://sorprendeme.com/img/ancheta/583.jpg;15;03/10/2024
2805.0;CANASTA ESPECIAL;Más vendido;88651.0;ancheta;https://sorprendeme.com/img/ancheta/303.jpg;154;04/14/2025
1417.0;Conejo Gigante;;302086.0;Peluche;https://sorprendeme.com/img/peluche/501.jpg;55;14/08/2025
4042.0;Girasoles;Edición limitada;124644.0;flores;https://sorprendeme.com/img/flores/594.jpg;56;01/15/2024
6845.0;Conejo Gigante;Producto especial;28420.0;peluche;https://sorprendeme.com/img/peluche/482.jpg;187;2025-08-10
7853.0;Canasta Especial;Producto especial;166568.0;Ancheta;https://sorprendeme.com/img/ancheta/247.jpg;21;06/27/2025
5873.0;Canasta Especial;Más vendido;95086.0;Ancheta;https://sorprendeme.com/img/ancheta/93.jpg;4;11/08/2024
9346.0;BOUQUET MIXTO;Producto especial;342101.0;flores;https://sorprendeme.com/img/flores/475.jpg;197;12/21/2025
7608.0;Unicornio;Producto especial;303228.0;peluche;https://sorprendeme.com/img/peluche/73.jpg;98;08-07-2024
4421.0;Rosas Rojas;Edición limitada;278877.0;flores;https://sorprendeme.com/img/flores/83.jpg;158;10/30/2024
-1.0;Oso de Peluche;Producto especial;143290.0;peluche;https://sorprendeme.com/img/peluche/477.jpg;158;11-06-2025
2268.0;Ancheta Romántica;Más vendido;94942.0;Ancheta;https://sorprendeme.com/img/ancheta/117.jpg;166;28/07/2025
-1.0;Conejo Gigante;Más vendido;183695.0;peluche;https://sorprendeme.com/img/peluche/434.jpg;70;18-08-2024
7704.0;Liliums Blancos;Más vendido;166413.0;flores;https://sorprendeme.com/img/flores/377.jpg;172;2025-05-12
1314.0;CAJA DE AMOR;;315812.0;ancheta;https://sorprendeme.com/img/ancheta/296.jpg;19;2025-04-13
-1.0;Rosas Rojas;Edición limitada;308123.0;flores;https://sorprendeme.com/img/flores/534.jpg;160;14/12/2025
6884.0;CONEJO GIGANTE;;262133.0;peluche;https://sorprendeme.com/img/peluche/22.jpg;74;30-04-2025
6746.0;Caja de Amor;Más vendido;234680.0;Ancheta;https://sorprendeme.com/img/ancheta/806.jpg;83;16-06-2025
9294.0;Unicornio;Edición limitada;315924.0;peluche;https://sorprendeme.com/img/peluche/314.jpg;43;13-04-2025
776.0;Canasta Especial;Edición limitada;133295.0;ancheta;https://sorprendeme.com/img/ancheta/467.jpg;42;15-01-2025
2515.0;Ancheta Premium;Edición limitada;94698.0;Ancheta;https://sorprendeme.com/img/ancheta/43.jpg;81;05/07/2024
3362.0;Girasoles;Producto especial;237960.0;Flores;https://sorprendeme.com/img/flores/353.jpg;37;13/01/2025
1991.0;CONEJO GIGANTE;Producto especial;150528.0;peluche;https://sorprendeme.com/img/peluche/512.jpg;196;30-06-2025
8949.0;Girasoles;Más vendido;231827.0;flores;https://sorprendeme.com/img/flores/303.jpg;121;2024-06-08
5550.0;CONEJO GIGANTE;Producto especial;260100.0;peluche;https://sorprendeme.com/img/peluche/922.jpg;10;08/01/2025
0.0;Oso de Peluche;Edición limitada;164401.0;peluche;https://sorprendeme.com/img/peluche/95.jpg;83;2024-11-11
370.0;Caja de Amor;Producto especial;195368.0;ancheta;https://sorprendeme.com/img/ancheta/457.jpg;173;11/10/2024
5207.0;CANASTA ESPECIAL;Producto especial;319330.0;ancheta;https://sorprendeme.com/img/ancheta/370.jpg;101;07/18/2024
200.0;Girasoles;Más vendido;130548.0;flores;https://sorprendeme.com/img/flores/316.jpg;114;30-01-2025
7250.0;Caja de Amor;Más vendido;69870.0;ancheta;https://sorprendeme.com/img/ancheta/746.jpg;108;03/30/2025
2354.0;Bouquet Mixto;Edición limitada;116582.0;flores;https://sorprendeme.com/img/flores/889.jpg;134;2025-08-24
6709.0;Canasta Especial;Más vendido;153862.0;ancheta;https://sorprendeme.com/img/ancheta/570.jpg;118;2024-03-31
4743.0;Caja de Amor;;29148.0;ancheta;https://sorprendeme.com/img/ancheta/847.jpg;77;07/09/2024
3679.0;Liliums Blancos;Producto especial;280059.0;Flores;https://sorprendeme.com/img/flores/158.jpg;67;07/26/2025
6835.0;UNICORNIO;Edición limitada;179782.0;peluche;https://sorprendeme.com/img/peluche/705.jpg;165;07-05-2024
9813.0;Ancheta Premium;Más vendido;209657.0;ancheta;https://sorprendeme.com/img/ancheta/580.jpg;111;2025-05-19
-1.0;Unicornio;Producto especial;298169.0;peluche;https://sorprendeme.com/img/peluche/167.jpg;148;2025-12-11
-1.0;Bouquet Mixto;Más vendido;135990.0;flores;https://sorprendeme.com/img/flores/652.jpg;91;31/12/2024
3003.0;Oso de Peluche;Producto especial;215585.0;Peluche;https://sorprendeme.com/img/peluche/172.jpg;139;10/06/2025
1571.0;Girasoles;Más vendido;290810.0;Flores;https://sorprendeme.com/img/flores/14.jpg;35;04-10-2024
2672.0;Liliums Blancos;Producto especial;87989.0;flores;https://sorprendeme.com/img/flores/516.jpg;56;25-02-2025
1252.0;Oso de Peluche;Producto especial;289313.0;Peluche;https://sorprendeme.com/img/peluche/946.jpg;4;03/03/2025
9792.0;Girasoles;Más vendido;72689.0;flores;https://sorprendeme.com/img/flores/312.jpg;7;05/22/2024
3713.0;Caja de Amor;Más vendido;56990.0;Ancheta;https://sorprendeme.com/img/ancheta/134.jpg;20;11/05/2024
7066.0;Ancheta Romántica;Producto especial;80778.0;Ancheta;https://sorprendeme.com/img/ancheta/34.jpg;168;01/20/2024
;Canasta Especial;Producto especial;116051.0;ancheta;https://sorprendeme.com/img/ancheta/11.jpg;193;01-05-2024
3028.0;Conejo Gigante;Más vendido;24802.0;peluche;https://sorprendeme.com/img/peluche/150.jpg;191;24/08/2025
8203.0;Panda Suave;Edición limitada;184145.0;peluche;https://sorprendeme.com/img/peluche/70.jpg;25;26/12/2024
2815.0;Caja de Amor;Producto especial;341149.0;ancheta;https://sorprendeme.com/img/ancheta/102.jpg;54;15-07-2024
7204.0;Unicornio;Producto especial;75584.0;Peluche;https://sorprendeme.com/img/peluche/364.jpg;97;10/01/2025
5150.0;Conejo Gigante;Producto especial;171077.0;Peluche;https://sorprendeme.com/img/peluche/533.jpg;34;2025-02-21
1348.0;Girasoles;Más vendido;180394.0;Flores;https://sorprendeme.com/img/flores/395.jpg;72;2025-07-24
3701.0;PANDA SUAVE;;112347.0;peluche;https://sorprendeme.com/img/peluche/876.jpg;109;12/04/2025
2938.0;CANASTA ESPECIAL;Producto especial;349572.0;ancheta;https://sorprendeme.com/img/ancheta/504.jpg;172;26-11-2025
6469.0;Rosas Rojas;;247837.0;flores;https://sorprendeme.com/img/flores/105.jpg;189;02/05/2024
5549.0;ANCHETA ROMÁNTICA;Edición limitada;214312.0;ancheta;https://sorprendeme.com/img/ancheta/414.jpg;31;07/01/2025
6558.0;Liliums Blancos;Más vendido;174402.0;flores;https://sorprendeme.com/img/flores/618.jpg;103;12-10-2024
1771.0;Panda Suave;Producto especial;98981.0;peluche;https://sorprendeme.com/img/peluche/510.jpg;59;05/30/2024
1118.0;Ancheta Romántica;;242166.0;Ancheta;https://sorprendeme.com/img/ancheta/996.jpg;45;2024-04-11
1579.0;Panda Suave;Producto especial;236462.0;Peluche;https://sorprendeme.com/img/peluche/533.jpg;196;05-06-2024
8033.0;Bouquet Mixto;Más vendido;196717.0;Flores;https://sorprendeme.com/img/flores/829.jpg;138;10/27/2024
;Canasta Especial;Más vendido;300713.0;ancheta;https://sorprendeme.com/img/ancheta/454.jpg;117;05/01/2024
8053.0;Panda Suave;;60054.0;Peluche;https://sorprendeme.com/img/peluche/733.jpg;99;24/12/2025
7798.0;Canasta Especial;Edición limitada;184739.0;Ancheta;https://sorprendeme.com/img/ancheta/401.jpg;67;11/06/2025
1007.0;Girasoles;Producto especial;212805.0;Flores;https://sorprendeme.com/img/flores/132.jpg;93;18-10-2024
6236.0;Oso de Peluche;Producto especial;158430.0;Peluche;https://sorprendeme.com/img/peluche/366.jpg;105;02-10-2025
5114.0;CONEJO GIGANTE;Producto especial;319980.0;peluche;https://sorprendeme.com/img/peluche/68.jpg;78;10/09/2024
613.0;Ancheta Romántica;;235352.0;Ancheta;https://sorprendeme.com/img/ancheta/433.jpg;145;05-07-2025
9634.0;Girasoles;Producto especial;345231.0;Flores;https://sorprendeme.com/img/flores/387.jpg;146;01/21/2024
3374.0;Oso de Peluche;Más vendido;181405.0;peluche;https://sorprendeme.com/img/peluche/831.jpg;195;2025-05-15
3306.0;Ancheta Premium;;227874.0;ancheta;https://sorprendeme.com/img/ancheta/998.jpg;19;01/07/2025
779.0;Conejo Gigante;Más vendido;348736.0;peluche;https://sorprendeme.com/img/peluche/412.jpg;57;21-10-2024
4479.0;Ancheta Romántica;Producto especial;204753.0;Ancheta;https://sorprendeme.com/img/ancheta/544.jpg;121;29-08-2025
8269.0;ROSAS ROJAS;Más vendido;160025.0;flores;https://sorprendeme.com/img/flores/553.jpg;80;29-10-2025
8972.0;Girasoles;Edición limitada;310100.0;Flores;https://sorprendeme.com/img/flores/643.jpg;180;10/01/2025
;Canasta Especial;;328103.0;ancheta;https://sorprendeme.com/img/ancheta/745.jpg;160;08/06/2024
2466.0;Liliums Blancos;Más vendido;297781.0;flores;https://sorprendeme.com/img/flores/421.jpg;81;31/05/2024
4703.0;Caja de Amor;Edición limitada;100910.0;Ancheta;https://sorprendeme.com/img/ancheta/616.jpg;60;26-02-2025
4024.0;Caja de Amor;Más vendido;170493.0;Ancheta;https://sorprendeme.com/img/ancheta/574.jpg;111;2024-07-15
2236.0;Caja de Amor;Producto especial;101563.0;ancheta;https://sorprendeme.com/img/ancheta/823.jpg;71;12-06-2024
907.0;Ancheta Romántica;Producto especial;120158.0;ancheta;https://sorprendeme.com/img/ancheta/306.jpg;16;2025-05-12
6503.0;Girasoles;Edición limitada;94074.0;Flores;https://sorprendeme.com/img/flores/585.jpg;188;2025-11-18
3901.0;Ancheta Premium;Producto especial;274019.0;ancheta;https://sorprendeme.com/img/ancheta/321.jpg;84;2025-05-23
3572.0;Unicornio;Edición limitada;50783.0;Peluche;https://sorprendeme.com/img/peluche/220.jpg;70;08/29/2024
1851.0;ROSAS ROJAS;Más vendido;197825.0;flores;https://sorprendeme.com/img/flores/487.jpg;174;17-05-2025
0.0;Bouquet Mixto;Más vendido;22060.0;flores;https://sorprendeme.com/img/flores/991.jpg;155;01/06/2025
4145.0;Oso de Peluche;;118605.0;Peluche;https://sorprendeme.com/img/peluche/982.jpg;179;08/12/2025
7249.0;Oso de Peluche;;17635.0;peluche;https://sorprendeme.com/img/peluche/984.jpg;100;01/07/2025
4873.0;Girasoles;Edición limitada;302905.0;flores;https://sorprendeme.com/img/flores/165.jpg;112;02/04/2024
1313.0;Unicornio;;172816.0;peluche;https://sorprendeme.com/img/peluche/423.jpg;85;04-02-2024
8296.0;Caja de Amor;Producto especial;132872.0;ancheta;https://sorprendeme.com/img/ancheta/617.jpg;186;16-12-2025
854.0;PANDA SUAVE;Edición limitada;226102.0;peluche;https://sorprendeme.com/img/peluche/811.jpg;164;2025-04-09
5141.0;Bouquet Mixto;Producto especial;52127.0;flores;https://sorprendeme.com/img/flores/256.jpg;132;05-10-2025
5234.0;CONEJO GIGANTE;;175252.0;peluche;https://sorprendeme.com/img/peluche/753.jpg;34;08/31/2025
1383.0;Panda Suave;;138146.0;peluche;https://sorprendeme.com/img/peluche/403.jpg;96;15/10/2024
9151.0;CONEJO GIGANTE;Edición limitada;318793.0;peluche;https://sorprendeme.com/img/peluche/998.jpg;118;2024-01-22
7028.0;CONEJO GIGANTE;Más vendido;64999.0;peluche;https://sorprendeme.com/img/peluche/982.jpg;94;02/20/2024
7434.0;OSO DE PELUCHE;;54702.0;peluche;https://sorprendeme.com/img/peluche/731.jpg;52;01/15/2024
2134.0;Girasoles;;301873.0;flores;https://sorprendeme.com/img/flores/615.jpg;55;05/21/2025
6694.0;Bouquet Mixto;Edición limitada;24639.0;flores;https://sorprendeme.com/img/flores/269.jpg;60;04/03/2025
1405.0;Ancheta Premium;Producto especial;172075.0;ancheta;https://sorprendeme.com/img/ancheta/893.jpg;82;08/19/2025
;Bouquet Mixto;Más vendido;39474.0;flores;https://sorprendeme.com/img/flores/571.jpg;15;12/31/2025
88.0;Girasoles;Más vendido;184022.0;flores;https://sorprendeme.com/img/flores/391.jpg;77;2025-09-12
9511.0;Panda Suave;Edición limitada;102198.0;peluche;https://sorprendeme.com/img/peluche/516.jpg;126;2024-05-15
;Bouquet Mixto;;62502.0;flores;https://sorprendeme.com/img/flores/120.jpg;80;01-04-2024
4636.0;Girasoles;Más vendido;220332.0;Flores;https://sorprendeme.com/img/flores/780.jpg;67;01/04/2025
2479.0;BOUQUET MIXTO;;32829.0;flores;https://sorprendeme.com/img/flores/153.jpg;13;11/19/2024
-1.0;Canasta Especial;;53868.0;ancheta;https://sorprendeme.com/img/ancheta/917.jpg;126;23/09/2024
1844.0;Unicornio;Edición limitada;56424.0;peluche;https://sorprendeme.com/img/peluche/96.jpg;52;04/13/2025
9229.0;Caja de Amor;Edición limitada;210488.0;Ancheta;https://sorprendeme.com/img/ancheta/995.jpg;1;04-06-2025
0.0;Conejo Gigante;;241764.0;peluche;https://sorprendeme.com/img/peluche/909.jpg;84;2025-03-02
0.0;Oso de Peluche;Producto especial;295387.0;peluche;https://sorprendeme.com/img/peluche/158.jpg;7;07-02-2025
9736.0;Unicornio;Producto especial;125358.0;peluche;https://sorprendeme.com/img/peluche/45.jpg;167;09-04-2025
3464.0;Girasoles;Producto especial;283522.0;flores;https://sorprendeme.com/img/flores/290.jpg;82;05/08/2025
1517.0;Oso de Peluche;;100480.0;peluche;https://sorprendeme.com/img/peluche/246.jpg;197;07/14/2025
6366.0;ANCHETA ROMÁNTICA;;110454.0;ancheta;https://sorprendeme.com/img/ancheta/771.jpg;167;01/08/2024
9888.0;Liliums Blancos;Edición limitada;135280.0;Flores;https://sorprendeme.com/img/flores/99.jpg;94;18-03-2025
4399.0;Liliums Blancos;;45224.0;flores;https://sorprendeme.com/img/flores/433.jpg;94;02/01/2025
8411.0;Liliums Blancos;Más vendido;341046.0;flores;https://sorprendeme.com/img/flores/693.jpg;57;2024-04-05
4763.0;Conejo Gigante;;161514.0;Peluche;https://sorprendeme.com/img/peluche/929.jpg;122;2025-05-22
4842.0;Ancheta Premium;Producto especial;199583.0;Ancheta;https://sorprendeme.com/img/ancheta/940.jpg;11;09/11/2024
7613.0;Unicornio;Más vendido;134078.0;peluche;https://sorprendeme.com/img/peluche/600.jpg;20;2025-02-26
2942.0;Ancheta Romántica;Edición limitada;297375.0;Ancheta;https://sorprendeme.com/img/ancheta/47.jpg;21;11/08/2025
7372.0;PANDA SUAVE;Más vendido;129347.0;peluche;https://sorprendeme.com/img/peluche/941.jpg;47;11/17/2024
7108.0;ANCHETA PREMIUM;Producto especial;16959.0;ancheta;https://sorprendeme.com/img/ancheta/120.jpg;3;2025-11-20
9862.0;Liliums Blancos;;116438.0;Flores;https://sorprendeme.com/img/flores/833.jpg;157;12/09/2025
2050.0;Unicornio;Edición limitada;19648.0;peluche;https://sorprendeme.com/img/peluche/115.jpg;4;2024-11-05
2379.0;ANCHETA ROMÁNTICA;Edición limitada;160989.0;ancheta;https://sorprendeme.com/img/ancheta/642.jpg;137;08/02/2024
6913.0;Liliums Blancos;Producto especial;54014.0;flores;https://sorprendeme.com/img/flores/925.jpg;39;05/31/2024
;Liliums Blancos;Edición limitada;82448.0;flores;https://sorprendeme.com/img/flores/584.jpg;100;2025-04-27
9481.0;Canasta Especial;Más vendido;27401.0;Ancheta;https://sorprendeme.com/img/ancheta/410.jpg;124;03/01/2025
0.0;Unicornio;Producto especial;156372.0;peluche;https://sorprendeme.com/img/peluche/324.jpg;141;2024-08-25
5682.0;LILIUMS BLANCOS;;248667.0;flores;https://sorprendeme.com/img/flores/22.jpg;41;04/29/2024
3803.0;Canasta Especial;Edición limitada;211866.0;ancheta;https://sorprendeme.com/img/ancheta/702.jpg;86;12/18/2024
6396.0;Unicornio;;294082.0;peluche;https://sorprendeme.com/img/peluche/690.jpg;167;14-05-2024
4628.0;BOUQUET MIXTO;Producto especial;238464.0;flores;https://sorprendeme.com/img/flores/133.jpg;44;28/09/2025
8090.0;Unicornio;Más vendido;93631.0;peluche;https://sorprendeme.com/img/peluche/571.jpg;12;04/13/2024
2863.0;GIRASOLES;Producto especial;285283.0;flores;https://sorprendeme.com/img/flores/346.jpg;110;31/12/2024
7969.0;Ancheta Romántica;Más vendido;347877.0;ancheta;https://sorprendeme.com/img/ancheta/804.jpg;90;29/07/2025
827.0;PANDA SUAVE;;282661.0;peluche;https://sorprendeme.com/img/peluche/986.jpg;193;2024-06-03
8312.0;Ancheta Romántica;Producto especial;70961.0;ancheta;https://sorprendeme.com/img/ancheta/121.jpg;52;2025-07-29
8289.0;Ancheta Premium;;260405.0;ancheta;https://sorprendeme.com/img/ancheta/102.jpg;39;12/26/2025
7195.0;Bouquet Mixto;;272688.0;flores;https://sorprendeme.com/img/flores/7.jpg;62;05/05/2024
1397.0;Girasoles;Más vendido;139766.0;Flores;https://sorprendeme.com/img/flores/773.jpg;106;20/10/2024
3739.0;Conejo Gigante;Edición limitada;283593.0;peluche;https://sorprendeme.com/img/peluche/424.jpg;104;06/04/2024
-1.0;Panda Suave;Producto especial;255405.0;peluche;https://sorprendeme.com/img/peluche/530.jpg;17;01/31/2024
6444.0;Bouquet Mixto;Producto especial;236159.0;flores;https://sorprendeme.com/img/flores/657.jpg;38;2025-03-20
-1.0;Ancheta Premium;Más vendido;256720.0;ancheta;https://sorprendeme.com/img/ancheta/322.jpg;88;03/05/2025
7311.0;Conejo Gigante;Edición limitada;312339.0;peluche;https://sorprendeme.com/img/peluche/640.jpg;158;12/18/2025
3233.0;Panda Suave;Más vendido;43234.0;Peluche;https://sorprendeme.com/img/peluche/551.jpg;85;10/26/2025
3502.0;Conejo Gigante;Producto especial;186410.0;Peluche;https://sorprendeme.com/img/peluche/320.jpg;133;16-06-2025
8847.0;Conejo Gigante;Más vendido;95849.0;peluche;https://sorprendeme.com/img/peluche/793.jpg;77;2024-01-24
4256.0;Oso de Peluche;Más vendido;56477.0;peluche;https://sorprendeme.com/img/peluche/775.jpg;166;02-03-2024
7425.0;Girasoles;Más vendido;344288.0;flores;https://sorprendeme.com/img/flores/825.jpg;190;2025-08-09
4662.0;CONEJO GIGANTE;Edición limitada;254308.0;peluche;https://sorprendeme.com/img/peluche/533.jpg;188;24-12-2024
;Bouquet Mixto;Edición limitada;253400.0;flores;https://sorprendeme.com/img/flores/849.jpg;105;01/04/2025
7310.0;Bouquet Mixto;Producto especial;138714.0;Flores;https://sorprendeme.com/img/flores/539.jpg;103;02/05/2025
6938.0;Unicornio;;245821.0;peluche;https://sorprendeme.com/img/peluche/971.jpg;125;09/27/2024
7943.0;Bouquet Mixto;;58344.0;flores;https://sorprendeme.com/img/flores/722.jpg;131;27/05/2024
535.0;Caja de Amor;Edición limitada;331263.0;ancheta;https://sorprendeme.com/img/ancheta/379.jpg;30;04/11/2025
9368.0;Rosas Rojas;Más vendido;28495.0;Flores;https://sorprendeme.com/img/flores/157.jpg;30;03-05-2024
-1.0;Girasoles;Edición limitada;62617.0;flores;https://sorprendeme.com/img/flores/604.jpg;107;10/28/2024
35.0;Bouquet Mixto;Producto especial;198425.0;Flores;https://sorprendeme.com/img/flores/70.jpg;11;07/06/2024
5535.0;PANDA SUAVE;;174201.0;peluche;https://sorprendeme.com/img/peluche/738.jpg;155;08/02/2025
2441.0;Canasta Especial;Más vendido;44921.0;ancheta;https://sorprendeme.com/img/ancheta/640.jpg;170;04/05/2025
8864.0;Bouquet Mixto;Producto especial;335957.0;flores;https://sorprendeme.com/img/flores/912.jpg;113;08-02-2025
9372.0;Oso de Peluche;Más vendido;202950.0;Peluche;https://sorprendeme.com/img/peluche/127.jpg;164;2024-06-18
7797.0;ANCHETA ROMÁNTICA;Producto especial;55295.0;ancheta;https://sorprendeme.com/img/ancheta/959.jpg;136;06/08/2025
9496.0;Ancheta Premium;;43357.0;Ancheta;https://sorprendeme.com/img/ancheta/547.jpg;155;29/07/2024
5570.0;Oso de Peluche;;75470.0;Peluche;https://sorprendeme.com/img/peluche/25.jpg;135;2025-05-18
8877.0;Rosas Rojas;Edición limitada;110593.0;flores;https://sorprendeme.com/img/flores/188.jpg;65;2024-04-27
966.0;ANCHETA PREMIUM;Más vendido;75788.0;ancheta;https://sorprendeme.com/img/ancheta/731.jpg;14;21/02/2025
;Ancheta Premium;Más vendido;140797.0;ancheta;https://sorprendeme.com/img/ancheta/848.jpg;30;05/25/2024
1886.0;Conejo Gigante;Más vendido;35312.0;Peluche;https://sorprendeme.com/img/peluche/476.jpg;141;05/19/2025
306.0;ROSAS ROJAS;Más vendido;200615.0;flores;https://sorprendeme.com/img/flores/601.jpg;172;21/02/2025
7307.0;Conejo Gigante;Producto especial;298503.0;peluche;https://sorprendeme.com/img/peluche/513.jpg;52;11/07/2024
-1.0;Ancheta Premium;;337053.0;ancheta;https://sorprendeme.com/img/ancheta/569.jpg;115;07/07/2025
9.0;Panda Suave;Producto especial;327725.0;Peluche;https://sorprendeme.com/img/peluche/494.jpg;69;30/10/2025
9588.0;Unicornio;Más vendido;30237.0;Peluche;https://sorprendeme.com/img/peluche/757.jpg;136;25/12/2024
2289.0;Rosas Rojas;Más vendido;309224.0;Flores;https://sorprendeme.com/img/flores/216.jpg;156;2025-02-08
7418.0;GIRASOLES;Más vendido;97386.0;flores;https://sorprendeme.com/img/flores/330.jpg;87;12-10-2025
34.0;PANDA SUAVE;;16434.0;peluche;https://sorprendeme.com/img/peluche/10.jpg;172;17/01/2024
1271.0;Unicornio;Producto especial;314012.0;Peluche;https://sorprendeme.com/img/peluche/836.jpg;171;2025-02-06
6337.0;Ancheta Premium;Edición limitada;296114.0;ancheta;https://sorprendeme.com/img/ancheta/832.jpg;178;20-01-2025
7284.0;CANASTA ESPECIAL;Producto especial;89209.0;ancheta;https://sorprendeme.com/img/ancheta/21.jpg;194;14/01/2025
-1.0;Panda Suave;Edición limitada;93476.0;peluche;https://sorprendeme.com/img/peluche/506.jpg;92;2024-07-15
6490.0;Conejo Gigante;Producto especial;306422.0;Peluche;https://sorprendeme.com/img/peluche/583.jpg;128;08/01/2024
1071.0;Conejo Gigante;Edición limitada;264901.0;peluche;https://sorprendeme.com/img/peluche/131.jpg;66;06/11/2025
-1.0;Ancheta Premium;Más vendido;243028.0;ancheta;https://sorprendeme.com/img/ancheta/905.jpg;116;2024-07-15
6667.0;Oso de Peluche;Más vendido;55775.0;Peluche;https://sorprendeme.com/img/peluche/531.jpg;119;11/26/2024
4554.0;Oso de Peluche;;193357.0;Peluche;https://sorprendeme.com/img/peluche/324.jpg;1;2024-08-17
3697.0;ROSAS ROJAS;;335855.0;flores;https://sorprendeme.com/img/flores/940.jpg;63;2025-08-08
457.0;Girasoles;;159703.0;flores;https://sorprendeme.com/img/flores/25.jpg;151;2024-03-05
7760.0;Girasoles;Edición limitada;336199.0;flores;https://sorprendeme.com/img/flores/853.jpg;13;2024-09-10
1568.0;Conejo Gigante;;208943.0;peluche;https://sorprendeme.com/img/peluche/88.jpg;15;03/15/2024
2090.0;Girasoles;Producto especial;322904.0;Flores;https://sorprendeme.com/img/flores/453.jpg;14;2025-12-11
-1.0;Unicornio;Producto especial;113797.0;peluche;https://sorprendeme.com/img/peluche/391.jpg;102;2024-03-08
7606.0;Ancheta Romántica;;309779.0;Ancheta;https://sorprendeme.com/img/ancheta/635.jpg;25;04/09/2025
9631.0;Oso de Peluche;Edición limitada;51182.0;peluche;https://sorprendeme.com/img/peluche/13.jpg;152;09-04-2025
8338.0;Conejo Gigante;Más vendido;134056.0;peluche;https://sorprendeme.com/img/peluche/493.jpg;185;09/08/2025
992.0;Caja de Amor;Edición limitada;119408.0;ancheta;https://sorprendeme.com/img/ancheta/447.jpg;131;2024-05-20
2416.0;Girasoles;;118406.0;Flores;https://sorprendeme.com/img/flores/352.jpg;74;20/08/2025
8309.0;Caja de Amor;Producto especial;156390.0;ancheta;https://sorprendeme.com/img/ancheta/201.jpg;51;28/02/2024
7795.0;Ancheta Romántica;;215920.0;Ancheta;https://sorprendeme.com/img/ancheta/340.jpg;148;15/12/2024
2659.0;Girasoles;Producto especial;167191.0;Flores;https://sorprendeme.com/img/flores/809.jpg;10;04-03-2025
7644.0;Caja de Amor;Edición limitada;95071.0;ancheta;https://sorprendeme.com/img/ancheta/753.jpg;196;10/12/2025
;Liliums Blancos;Producto especial;136544.0;flores;https://sorprendeme.com/img/flores/76.jpg;91;07/29/2024
9596.0;ANCHETA PREMIUM;Más vendido;29708.0;ancheta;https://sorprendeme.com/img/ancheta/31.jpg;50;26/03/2025
5568.0;Caja de Amor;Edición limitada;74811.0;ancheta;https://sorprendeme.com/img/ancheta/23.jpg;45;25/09/2024
6209.0;Ancheta Romántica;Producto especial;128358.0;Ancheta;https://sorprendeme.com/img/ancheta/216.jpg;78;24/11/2025
8634.0;GIRASOLES;;309260.0;flores;https://sorprendeme.com/img/flores/67.jpg;30;07/11/2025
6132.0;Caja de Amor;Más vendido;215849.0;ancheta;https://sorprendeme.com/img/ancheta/652.jpg;62;07/15/2024
2435.0;Conejo Gigante;Más vendido;97803.0;peluche;https://sorprendeme.com/img/peluche/645.jpg;71;02-07-2025
7712.0;Unicornio;Producto especial;71090.0;peluche;https://sorprendeme.com/img/peluche/398.jpg;192;2024-08-02
2933.0;Panda Suave;Más vendido;253683.0;Peluche;https://sorprendeme.com/img/peluche/539.jpg;177;05/25/2025
9568.0;Liliums Blancos;Producto especial;84412.0;Flores;https://sorprendeme.com/img/flores/917.jpg;51;10/01/2024
6964.0;CANASTA ESPECIAL;;206409.0;ancheta;https://sorprendeme.com/img/ancheta/958.jpg;95;11-08-2024
7283.0;Caja de Amor;Más vendido;92109.0;Ancheta;https://sorprendeme.com/img/ancheta/43.jpg;119;27-03-2024
7087.0;LILIUMS BLANCOS;;138117.0;flores;https://sorprendeme.com/img/flores/510.jpg;81;04/06/2025
4352.0;Caja de Amor;Producto especial;135296.0;ancheta;https://sorprendeme.com/img/ancheta/85.jpg;75;28/03/2025
1613.0;OSO DE PELUCHE;Producto especial;38902.0;peluche;https://sorprendeme.com/img/peluche/40.jpg;139;10/10/2024
4497.0;Ancheta Premium;Edición limitada;251390.0;ancheta;https://sorprendeme.com/img/ancheta/142.jpg;192;13-09-2024
4618.0;Panda Suave;Más vendido;277348.0;peluche;https://sorprendeme.com/img/peluche/414.jpg;103;09-01-2024
6513.0;Oso de Peluche;Edición limitada;91020.0;Peluche;https://sorprendeme.com/img/peluche/768.jpg;53;28/04/2025
1407.0;Unicornio;Más vendido;298344.0;peluche;https://sorprendeme.com/img/peluche/440.jpg;197;17-04-2025
9150.0;Bouquet Mixto;Producto especial;140525.0;Flores;https://sorprendeme.com/img/flores/592.jpg;32;03/25/2025
5568.0;Oso de Peluche;Edición limitada;155414.0;Peluche;https://sorprendeme.com/img/peluche/703.jpg;192;26-05-2025
9300.0;Panda Suave;Producto especial;323918.0;Peluche;https://sorprendeme.com/img/peluche/158.jpg;84;2024-11-29
6401.0;UNICORNIO;Producto especial;194054.0;peluche;https://sorprendeme.com/img/peluche/193.jpg;121;25/01/2025
0.0;Unicornio;Edición limitada;49945.0;peluche;https://sorprendeme.com/img/peluche/567.jpg;45;16-10-2025
3261.0;UNICORNIO;Producto especial;320301.0;peluche;https://sorprendeme.com/img/peluche/396.jpg;72;28/01/2024
6040.0;Rosas Rojas;Producto especial;72562.0;Flores;https://sorprendeme.com/img/flores/881.jpg;105;2025-04-10
7836.0;CAJA DE AMOR;Producto especial;145313.0;ancheta;https://sorprendeme.com/img/ancheta/926.jpg;52;07/03/2025
2602.0;Ancheta Premium;Más vendido;211810.0;ancheta;https://sorprendeme.com/img/ancheta/515.jpg;183;03/18/2025
7303.0;Bouquet Mixto;Producto especial;291235.0;Flores;https://sorprendeme.com/img/flores/620.jpg;63;08/01/2024
9440.0;Unicornio;Producto especial;261992.0;peluche;https://sorprendeme.com/img/peluche/295.jpg;165;04/16/2025
6408.0;Girasoles;Edición limitada;154043.0;flores;https://sorprendeme.com/img/flores/184.jpg;158;18-12-2025
9317.0;LILIUMS BLANCOS;Producto especial;146840.0;flores;https://sorprendeme.com/img/flores/969.jpg;11;05/11/2025
1094.0;Ancheta Premium;Edición limitada;319427.0;Ancheta;https://sorprendeme.com/img/ancheta/422.jpg;195;05-10-2025
;Rosas Rojas;;70221.0;flores;https://sorprendeme.com/img/flores/213.jpg;129;17-04-2024
6543.0;CANASTA ESPECIAL;Edición limitada;147886.0;ancheta;https://sorprendeme.com/img/ancheta/11.jpg;64;25-01-2025
7943.0;ANCHETA PREMIUM;;37859.0;ancheta;https://sorprendeme.com/img/ancheta/562.jpg;168;11/17/2025
2644.0;BOUQUET MIXTO;Edición limitada;295896.0;flores;https://sorprendeme.com/img/flores/622.jpg;25;27-04-2025
184.0;CANASTA ESPECIAL;Más vendido;66421.0;ancheta;https://sorprendeme.com/img/ancheta/367.jpg;45;2024-06-21
;Caja de Amor;Producto especial;145857.0;ancheta;https://sorprendeme.com/img/ancheta/316.jpg;113;2025-03-28
;Canasta Especial;Edición limitada;81995.0;ancheta;https://sorprendeme.com/img/ancheta/17.jpg;107;25/07/2024
3614.0;BOUQUET MIXTO;Producto especial;281970.0;flores;https://sorprendeme.com/img/flores/851.jpg;170;2025-11-27
5360.0;ANCHETA ROMÁNTICA;Más vendido;203288.0;ancheta;https://sorprendeme.com/img/ancheta/195.jpg;159;2025-03-01
0.0;Unicornio;Edición limitada;50472.0;peluche;https://sorprendeme.com/img/peluche/332.jpg;44;2025-03-14
7517.0;Rosas Rojas;Edición limitada;37115.0;flores;https://sorprendeme.com/img/flores/835.jpg;71;02/02/2025
6736.0;Rosas Rojas;Más vendido;272128.0;flores;https://sorprendeme.com/img/flores/512.jpg;26;09/03/2024
9829.0;Conejo Gigante;Más vendido;343774.0;peluche;https://sorprendeme.com/img/peluche/714.jpg;99;2024-09-14
5210.0;Conejo Gigante;;37617.0;peluche;https://sorprendeme.com/img/peluche/19.jpg;155;06/12/2024
8249.0;Liliums Blancos;Producto especial;92923.0;flores;https://sorprendeme.com/img/flores/632.jpg;194;07/06/2025
1301.0;BOUQUET MIXTO;Producto especial;61081.0;flores;https://sorprendeme.com/img/flores/511.jpg;75;14/03/2025
3901.0;BOUQUET MIXTO;;262651.0;flores;https://sorprendeme.com/img/flores/337.jpg;34;2025-10-19
4727.0;Oso de Peluche;Producto especial;91718.0;Peluche;https://sorprendeme.com/img/peluche/751.jpg;84;06/17/2025
3645.0;Ancheta Romántica;;189693.0;ancheta;https://sorprendeme.com/img/ancheta/188.jpg;113;11/11/2025
854.0;CANASTA ESPECIAL;Edición limitada;329322.0;ancheta;https://sorprendeme.com/img/ancheta/129.jpg;23;12/03/2024
6984.0;CONEJO GIGANTE;;119340.0;peluche;https://sorprendeme.com/img/peluche/739.jpg;50;2024-08-29
9445.0;Caja de Amor;;339188.0;ancheta;https://sorprendeme.com/img/ancheta/207.jpg;69;06-11-2024
6189.0;Rosas Rojas;Edición limitada;172689.0;flores;https://sorprendeme.com/img/flores/433.jpg;129;01/03/2025
6250.0;Bouquet Mixto;;301104.0;Flores;https://sorprendeme.com/img/flores/778.jpg;76;2025-05-08
7597.0;Caja de Amor;Más vendido;166957.0;ancheta;https://sorprendeme.com/img/ancheta/385.jpg;143;09/20/2024
3207.0;Ancheta Premium;Edición limitada;321904.0;ancheta;https://sorprendeme.com/img/ancheta/5.jpg;3;05/19/2024
6813.0;Panda Suave;;340115.0;Peluche;https://sorprendeme.com/img/peluche/383.jpg;98;05/18/2025
2040.0;Oso de Peluche;;327263.0;peluche;https://sorprendeme.com/img/peluche/167.jpg;49;2025-02-22
6033.0;Girasoles;Producto especial;233054.0;flores;https://sorprendeme.com/img/flores/949.jpg;108;06/05/2025
463.0;CANASTA ESPECIAL;Edición limitada;102546.0;ancheta;https://sorprendeme.com/img/ancheta/467.jpg;174;05-02-2024
1513.0;Caja de Amor;;148218.0;Ancheta;https://sorprendeme.com/img/ancheta/601.jpg;20;2024-01-13
4144.0;Canasta Especial;Más vendido;182717.0;ancheta;https://sorprendeme.com/img/ancheta/546.jpg;168;06/18/2024
1791.0;PANDA SUAVE;Más vendido;287766.0;peluche;https://sorprendeme.com/img/peluche/276.jpg;191;2025-02-25
0.0;Unicornio;Edición limitada;288490.0;peluche;https://sorprendeme.com/img/peluche/2.jpg;24;16-12-2025
7061.0;LILIUMS BLANCOS;Edición limitada;74094.0;flores;https://sorprendeme.com/img/flores/191.jpg;180;01-11-2025
7384.0;BOUQUET MIXTO;Edición limitada;77189.0;flores;https://sorprendeme.com/img/flores/61.jpg;191;2025-05-29
1790.0;ANCHETA PREMIUM;Edición limitada;41736.0;ancheta;https://sorprendeme.com/img/ancheta/88.jpg;96;02/22/2025
;Ancheta Premium;;240390.0;ancheta;https://sorprendeme.com/img/ancheta/104.jpg;2;31/01/2024
8558.0;OSO DE PELUCHE;Producto especial;140848.0;peluche;https://sorprendeme.com/img/peluche/533.jpg;194;09/04/2024
5515.0;Liliums Blancos;Más vendido;243423.0;flores;https://sorprendeme.com/img/flores/352.jpg;80;12/11/2024
5834.0;Liliums Blancos;Más vendido;285101.0;flores;https://sorprendeme.com/img/flores/4.jpg;116;2025-01-22
8694.0;Bouquet Mixto;Más vendido;333606.0;Flores;https://sorprendeme.com/img/flores/770.jpg;63;2024-01-27
-1.0;Unicornio;Producto especial;345371.0;peluche;https://sorprendeme.com/img/peluche/981.jpg;82;06/11/2025
3827.0;Ancheta Premium;;149055.0;Ancheta;https://sorprendeme.com/img/ancheta/628.jpg;20;11/25/2025
9948.0;Rosas Rojas;Edición limitada;253501.0;flores;https://sorprendeme.com/img/flores/891.jpg;133;29-01-2025
1427.0;OSO DE PELUCHE;Más vendido;293839.0;peluche;https://sorprendeme.com/img/peluche/562.jpg;119;05/10/2024
3988.0;Rosas Rojas;Edición limitada;72095.0;flores;https://sorprendeme.com/img/flores/967.jpg;168;08/05/2025
5350.0;CANASTA ESPECIAL;;271713.0;ancheta;https://sorprendeme.com/img/ancheta/226.jpg;184;30/01/2024
8758.0;Rosas Rojas;;45298.0;flores;https://sorprendeme.com/img/flores/709.jpg;85;12/11/2025
6177.0;Oso de Peluche;;234063.0;peluche;https://sorprendeme.com/img/peluche/804.jpg;143;21-10-2025
1896.0;Bouquet Mixto;Más vendido;44373.0;flores;https://sorprendeme.com/img/flores/92.jpg;87;16-08-2024
;Ancheta Romántica;Más vendido;334613.0;ancheta;https://sorprendeme.com/img/ancheta/591.jpg;188;09-08-2025
5238.0;Conejo Gigante;Más vendido;282169.0;Peluche;https://sorprendeme.com/img/peluche/957.jpg;32;02/01/2025
151.0;Conejo Gigante;;120835.0;peluche;https://sorprendeme.com/img/peluche/836.jpg;75;04/19/2024
2390.0;Liliums Blancos;Producto especial;215625.0;flores;https://sorprendeme.com/img/flores/317.jpg;128;30-05-2024
-1.0;Ancheta Premium;;112651.0;ancheta;https://sorprendeme.com/img/ancheta/990.jpg;96;12/24/2025
2934.0;Caja de Amor;;258677.0;ancheta;https://sorprendeme.com/img/ancheta/307.jpg;168;2024-08-18
5529.0;Ancheta Romántica;;242096.0;Ancheta;https://sorprendeme.com/img/ancheta/357.jpg;193;07/15/2025
8979.0;Ancheta Premium;;47602.0;ancheta;https://sorprendeme.com/img/ancheta/332.jpg;192;16/10/2024
9457.0;Ancheta Premium;Edición limitada;163031.0;ancheta;https://sorprendeme.com/img/ancheta/495.jpg;74;13/04/2025
5935.0;Caja de Amor;Producto especial;242236.0;Ancheta;https://sorprendeme.com/img/ancheta/880.jpg;37;2024-07-19
5826.0;Bouquet Mixto;;75177.0;flores;https://sorprendeme.com/img/flores/54.jpg;30;2024-02-27
2435.0;Panda Suave;;97075.0;Peluche;https://sorprendeme.com/img/peluche/122.jpg;61;08/30/2025
1469.0;BOUQUET MIXTO;;304740.0;flores;https://sorprendeme.com/img/flores/666.jpg;97;10/30/2025
1967.0;Unicornio;Producto especial;42683.0;peluche;https://sorprendeme.com/img/peluche/501.jpg;164;2025-01-11
4485.0;Conejo Gigante;Producto especial;281105.0;Peluche;https://sorprendeme.com/img/peluche/186.jpg;98;01/24/2024
1630.0;UNICORNIO;Más vendido;36272.0;peluche;https://sorprendeme.com/img/peluche/931.jpg;137;01/11/2024
1048.0;Oso de Peluche;Producto especial;267425.0;peluche;https://sorprendeme.com/img/peluche/213.jpg;168;02/07/2025
5150.0;Caja de Amor;Producto especial;28113.0;ancheta;https://sorprendeme.com/img/ancheta/589.jpg;52;01/06/2024
2044.0;Ancheta Premium;Más vendido;136792.0;Ancheta;https://sorprendeme.com/img/ancheta/558.jpg;43;2024-02-05
757.0;Oso de Peluche;Más vendido;235818.0;Peluche;https://sorprendeme.com/img/peluche/456.jpg;35;11-09-2024
9932.0;PANDA SUAVE;Edición limitada;245457.0;peluche;https://sorprendeme.com/img/peluche/679.jpg;11;19-06-2025
2199.0;Caja de Amor;Edición limitada;213247.0;ancheta;https://sorprendeme.com/img/ancheta/285.jpg;32;02/11/2024
4271.0;Rosas Rojas;;232673.0;Flores;https://sorprendeme.com/img/flores/168.jpg;102;17-07-2025
8781.0;Liliums Blancos;Edición limitada;38637.0;flores;https://sorprendeme.com/img/flores/751.jpg;68;12/12/2025
6877.0;Conejo Gigante;Edición limitada;120981.0;Peluche;https://sorprendeme.com/img/peluche/807.jpg;111;16/01/2025
2042.0;Conejo Gigante;Producto especial;244133.0;Peluche;https://sorprendeme.com/img/peluche/417.jpg;16;20-03-2024
2398.0;Ancheta Premium;Edición limitada;106672.0;ancheta;https://sorprendeme.com/img/ancheta/101.jpg;96;07-12-2024
-1.0;Canasta Especial;Más vendido;212257.0;ancheta;https://sorprendeme.com/img/ancheta/827.jpg;125;2024-04-17
9953.0;Panda Suave;Producto especial;315351.0;peluche;https://sorprendeme.com/img/peluche/175.jpg;81;18-07-2025
7813.0;Bouquet Mixto;Edición limitada;101785.0;flores;https://sorprendeme.com/img/flores/704.jpg;131;12/19/2024
9299.0;Conejo Gigante;Más vendido;32710.0;peluche;https://sorprendeme.com/img/peluche/743.jpg;163;05/26/2024
