id;nombre_cliente;telefono;email;direccion_envio;fecha;estado;mp_payment_id;mp_status
9973;María José Suárez;+57 311 727 5784;maria.suarez283@outlook.com;Transversal 92 #30-20, Belén, Medellín;2023-09-18 14:49:00;aprobado;22220236846;approved
1535;Paula Mendoza;+57 302 901 4870;paula.mendoza986@outlook.com;Transversal 120 #94-9, La Candelaria, Medellín;2024-10-16 16:43:00;pendiente;Sin procesar;Sin procesar
120;Valentina García;+57 316 685 3890;valentina.garcia622@outlook.com;Cl 87 #98-34, Aranjuez, Medellín;2022-12-25 09:23:00;aprobado;59450898327;approved
6116;Santiago Martínez;+57 301 538 1447;santiago.martinez301@yahoo.com;Cl 1 #95-41, Girardota, Medellín;2024-03-17 11:59:00;aprobado;18132167780;approved
8000;Cristian Muñoz;+57 300 509 7545;cristian.muñoz110@gmail.com;Av 114 #93-12, San Javier, Medellín;2023-12-28 08:06:00;aprobado;37883125789;approved
6730;Camila López;+57 301 702 4376;camila.lopez384@yahoo.com;Av 55 #24-35, Manrique, Medellín;2022-11-08 15:42:00;aprobado;27874942239;approved
7028;Daniel Reyes;+57 304 928 2341;daniel.reyes885@yahoo.com;Cl 86 #55-13, La Candelaria, Medellín;2022-07-31 19:46:00;pendiente;Sin procesar;pending
3759;Julián Ortiz;+57 301 260 4326;julian.ortiz19@hotmail.com;Cra 111 #7-25, Castilla, Medellín;2024-12-11 12:44:00;aprobado;53902190351;approved
847;Alejandro Ruiz;+57 305 145 4563;alejandro.ruiz328@gmail.com;Cl 6 #1-4, La América, Medellín;2023-03-11 12:30:00;aprobado;95506278989;approved
8050;Sebastián Rodríguez;+57 310 541 1082;sebastian.rodriguez340@yahoo.com;Av 96 #76-34, Caldas, Medellín;2024-02-01 11:41:00;aprobado;88211497480;approved
4138;Isabella Hernández;+57 320 855 7161;isabella.hernandez495@outlook.com;Transversal 120 #65-2, Itagüí, Medellín;2023-07-16 19:08:00;pendiente;Sin procesar;pending
3117;Sara Álvarez;+57 316 678 8127;sara.alvarez769@outlook.com;Transversal 100 #50-26, Caldas, Medellín;2023-11-07 11:11:00;pendiente;Sin procesar;pending
8402;Sara Álvarez;+57 312 884 4344;sara.alvarez566@gmail.com;Cl 29 #6-35, Aranjuez, Medellín;2023-08-21 08:40:00;pendiente;Sin procesar;Sin procesar
845;Cristian Muñoz;+57 315 338 1059;cristian.muñoz996@yahoo.com;Av 11 #91-36, Manrique, Medellín;2022-10-01 14:57:00;pendiente;Sin procesar;Sin procesar
6480;Sofía Torres;+57 302 736 5271;sofia.torres508@hotmail.com;Diagonal 24 #23-13, Girardota, Medellín;2024-10-01 19:11:00;aprobado;48745103152;approved
9959;Mateo González;+57 304 121 6376;mateo.gonzalez103@hotmail.com;Cra 78 #13-25, San Javier, Medellín;2022-12-02 09:52:00;rechazado;27367731235;rejected
9825;Samuel Díaz;+57 300 018 5132;samuel.diaz492@outlook.com;Cl 40 #43-31, Sabaneta, Medellín;2023-05-15 08:34:00;aprobado;85709475261;approved
4703;Natalia Vega;+57 310 147 5410;natalia.vega883@hotmail.com;Cl 41 #19-25, Doce de Octubre, Medellín;2024-06-09 21:04:00;aprobado;68316391109;approved
8634;Salomé Jiménez;+57 314 313 5030;salome.jimenez372@outlook.com;Cl 118 #15-4, Guayabal, Medellín;2024-01-10 21:54:00;pendiente;Sin procesar;Sin procesar
6899;Gabriela Pérez;+57 304 330 2126;gabriela.perez751@gmail.com;Diagonal 48 #7-45, Envigado, Medellín;2022-06-01 15:53:00;pendiente;Sin procesar;pending
179;Esteban Ramos;+57 311 678 4984;esteban.ramos727@hotmail.com;Diagonal 120 #21-18, Belén, Medellín;2024-12-04 14:08:00;aprobado;93324093923;approved
9164;Santiago Martínez;+57 314 177 5662;santiago.martinez56@yahoo.com;Diagonal 25 #35-7, Envigado, Medellín;2022-06-09 13:38:00;pendiente;Sin procesar;pending
1071;Samuel Díaz;+57 304 904 3830;samuel.diaz247@yahoo.com;Cra 73 #73-3, Girardota, Medellín;2024-09-17 08:03:00;pendiente;Sin procesar;pending
4627;Tomás Vargas;+57 311 835 6521;tomas.vargas340@outlook.com;Transversal 13 #65-50, Sabaneta, Medellín;2022-02-18 17:50:00;pendiente;Sin procesar;Sin procesar
1229;Samuel Díaz;+57 302 971 0248;samuel.diaz889@gmail.com;Diagonal 13 #59-21, Itagüí, Medellín;2023-08-29 10:04:00;pendiente;Sin procesar;Sin procesar
7549;Nicolás Moreno;+57 305 747 2197;nicolas.moreno41@yahoo.com;Av 52 #53-40, Sabaneta, Medellín;2024-06-21 13:32:00;pendiente;Sin procesar;Sin procesar
4307;Camila López;+57 320 090 3802;camila.lopez874@gmail.com;Av 49 #21-37, San Javier, Medellín;2022-05-30 11:24:00;aprobado;21463914380;approved
7617;Nicolás Moreno;+57 301 121 6636;nicolas.moreno337@gmail.com;Av 44 #78-32, Robledo, Medellín;2024-02-09 09:17:00;aprobado;83178865413;approved
9345;María José Suárez;+57 311 089 3199;maria.suarez149@yahoo.com;Av 2 #20-30, Sabaneta, Medellín;2024-10-19 21:20:00;aprobado;68729147924;approved
2044;Tomás Vargas;+57 316 776 6558;tomas.vargas437@yahoo.com;Cra 119 #23-30, Castilla, Medellín;2024-02-04 10:35:00;rechazado;68165723662;rejected
7168;Salomé Jiménez;+57 315 491 1110;salome.jimenez632@outlook.com;Cra 64 #96-49, Caldas, Medellín;2022-07-24 18:28:00;pendiente;Sin procesar;Sin procesar
7449;Julián Ortiz;+57 313 613 7157;julian.ortiz423@outlook.com;Cra 48 #29-33, Buenos Aires, Medellín;2023-07-03 22:42:00;aprobado;69740150574;approved
6793;Andrés Herrera;+57 300 002 5895;andres.herrera344@hotmail.com;Transversal 56 #31-36, San Javier, Medellín;2023-01-30 17:41:00;pendiente;Sin procesar;pending
6397;Diego Cardona;+57 316 265 8263;diego.cardona102@hotmail.com;Transversal 16 #81-37, San Javier, Medellín;2023-06-17 21:35:00;rechazado;57024309757;rejected
6195;Sofía Torres;+57 317 404 1209;sofia.torres888@gmail.com;Cra 59 #77-8, Envigado, Medellín;2022-10-18 12:16:00;aprobado;18988409384;approved
3408;Daniel Reyes;+57 311 170 6171;daniel.reyes216@outlook.com;Diagonal 114 #41-41, Doce de Octubre, Medellín;2022-11-26 10:19:00;aprobado;35355932867;approved
516;Andrés Herrera;+57 301 557 9980;andres.herrera163@yahoo.com;Cra 25 #78-2, Copacabana, Medellín;2022-02-17 16:32:00;aprobado;24452095284;approved
3601;Natalia Vega;+57 301 244 7315;natalia.vega726@yahoo.com;Diagonal 96 #64-28, Bello, Medellín;2024-03-30 22:12:00;pendiente;Sin procesar;pending
4606;Sofía Torres;+57 311 199 4237;sofia.torres444@outlook.com;Diagonal 77 #96-18, La América, Medellín;2022-09-08 17:24:00;aprobado;88167205519;approved
1053;Nicolás Moreno;+57 312 208 4964;nicolas.moreno619@yahoo.com;Diagonal 4 #15-12, La América, Medellín;2024-05-29 20:11:00;aprobado;19643568012;approved
5152;Sofía Torres;+57 301 050 5379;sofia.torres815@yahoo.com;Cl 72 #9-25, Buenos Aires, Medellín;2023-11-03 16:13:00;aprobado;46769037649;approved
1226;María José Suárez;+57 314 665 5330;maria.suarez822@outlook.com;Diagonal 6 #36-27, Envigado, Medellín;2022-09-12 15:10:00;aprobado;64078668083;approved
9434;Samuel Díaz;+57 300 742 6088;samuel.diaz41@yahoo.com;Cra 9 #61-7, Castilla, Medellín;2023-09-09 12:20:00;aprobado;20309400456;approved
772;Juan Pablo Gómez;+57 311 477 1591;juan.gomez30@hotmail.com;Cra 106 #2-9, Envigado, Medellín;2023-10-24 21:44:00;aprobado;32446964775;approved
6044;Camila López;+57 318 800 4010;camila.lopez970@yahoo.com;Cra 34 #43-45, Caldas, Medellín;2024-02-17 12:44:00;pendiente;Sin procesar;pending
3374;Nicolás Moreno;+57 316 117 0303;nicolas.moreno480@outlook.com;Cl 63 #14-22, Robledo, Medellín;2024-12-16 16:54:00;aprobado;97849355410;approved
4371;Samuel Díaz;+57 300 787 5418;samuel.diaz87@yahoo.com;Diagonal 28 #20-26, Bello, Medellín;2024-01-06 16:21:00;pendiente;Sin procesar;Sin procesar
4514;Mariana Ramírez;+57 304 966 6134;mariana.ramirez508@hotmail.com;Cl 101 #27-23, Buenos Aires, Medellín;2023-08-13 19:00:00;pendiente;Sin procesar;pending
5003;Manuela Sánchez;+57 318 325 1225;manuela.sanchez922@outlook.com;Cl 2 #86-31, Castilla, Medellín;2023-11-16 08:11:00;rechazado;22374906870;rejected
9733;Mateo González;+57 310 790 7371;mateo.gonzalez47@gmail.com;Transversal 88 #38-15, Bello, Medellín;2024-10-27 10:48:00;aprobado;26214603452;approved
7416;Sebastián Rodríguez;+57 312 584 7457;sebastian.rodriguez14@yahoo.com;Av 91 #43-34, Caldas, Medellín;2024-09-18 09:17:00;aprobado;31449440622;approved
7057;Nicolás Moreno;+57 310 313 6148;nicolas.moreno921@outlook.com;Transversal 23 #34-44, Guayabal, Medellín;2023-10-11 14:37:00;aprobado;49841178055;approved
5625;Sofía Torres;+57 318 916 7954;sofia.torres113@gmail.com;Diagonal 119 #88-10, Doce de Octubre, Medellín;2022-11-04 16:18:00;pendiente;Sin procesar;Sin procesar
256;Daniel Reyes;+57 312 034 9107;daniel.reyes314@gmail.com;Diagonal 46 #85-1, El Poblado, Medellín;2023-05-30 10:22:00;pendiente;Sin procesar;pending
6821;Andrés Herrera;+57 313 344 1497;andres.herrera559@hotmail.com;Diagonal 101 #56-7, Sabaneta, Medellín;2024-12-14 15:44:00;aprobado;71665246322;approved
6722;Nicolás Moreno;+57 312 080 6129;nicolas.moreno929@yahoo.com;Cl 75 #66-24, Sabaneta, Medellín;2023-08-24 08:48:00;aprobado;62080497865;approved
8488;Andrés Herrera;+57 312 010 4159;andres.herrera100@yahoo.com;Transversal 62 #89-22, El Poblado, Medellín;2022-06-09 19:37:00;pendiente;Sin procesar;pending
8116;Manuela Sánchez;+57 302 324 4079;manuela.sanchez705@hotmail.com;Cra 9 #1-10, Caldas, Medellín;2022-09-05 16:06:00;pendiente;Sin procesar;pending
7272;Sebastián Rodríguez;+57 311 014 6723;sebastian.rodriguez862@yahoo.com;Transversal 88 #57-43, Caldas, Medellín;2022-10-09 14:09:00;aprobado;27973612876;approved
8381;Laura Gutiérrez;+57 316 837 7441;laura.gutierrez983@outlook.com;Av 86 #36-26, San Javier, Medellín;2022-08-08 15:26:00;aprobado;10636370429;approved
181;Tomás Vargas;+57 314 409 7052;tomas.vargas480@outlook.com;Av 2 #21-23, Bello, Medellín;2024-10-27 11:22:00;aprobado;20793446753;approved
9227;Mateo González;+57 310 724 4617;mateo.gonzalez386@outlook.com;Transversal 85 #24-37, Bello, Medellín;2024-12-12 12:08:00;aprobado;59738833930;approved
737;Sara Álvarez;+57 300 231 1775;sara.alvarez779@hotmail.com;Cl 14 #23-47, San Javier, Medellín;2024-10-05 22:04:00;aprobado;46987844431;approved
7235;Sebastián Rodríguez;+57 317 590 2517;sebastian.rodriguez387@hotmail.com;Transversal 72 #26-13, Manrique, Medellín;2024-10-02 15:43:00;pendiente;Sin procesar;pending
8660;Sofía Torres;+57 317 319 0130;sofia.torres830@hotmail.com;Cra 47 #53-37, Copacabana, Medellín;2022-05-28 13:11:00;aprobado;88200508727;approved
9154;Laura Gutiérrez;+57 318 217 6619;laura.gutierrez81@hotmail.com;Transversal 39 #13-8, La Candelaria, Medellín;2023-04-18 08:38:00;aprobado;40161590288;approved
4119;Laura Gutiérrez;+57 311 512 4189;laura.gutierrez248@yahoo.com;Diagonal 80 #8-35, Envigado, Medellín;2024-08-22 22:58:00;rechazado;12805610094;rejected
5482;Santiago Martínez;+57 320 023 8503;santiago.martinez506@gmail.com;Transversal 116 #79-45, El Poblado, Medellín;2023-10-12 09:26:00;aprobado;86826307544;approved
684;Daniel Reyes;+57 301 078 3567;daniel.reyes311@hotmail.com;Cra 120 #8-2, Robledo, Medellín;2024-12-30 17:55:00;rechazado;13169357602;rejected
6181;Juan Pablo Gómez;+57 316 266 8217;juan.gomez121@yahoo.com;Av 25 #44-28, El Poblado, Medellín;2023-03-05 11:05:00;aprobado;66810073113;approved
8786;Felipe Ríos;+57 314 003 0102;felipe.rios450@hotmail.com;Av 6 #41-23, Caldas, Medellín;2023-05-16 12:08:00;aprobado;18919804562;approved
5849;Mariana Ramírez;+57 320 374 5843;mariana.ramirez540@yahoo.com;Av 90 #70-33, Envigado, Medellín;2022-04-21 13:57:00;rechazado;77095428414;rejected
8536;Mariana Ramírez;+57 304 483 1520;mariana.ramirez241@outlook.com;Diagonal 15 #3-32, El Poblado, Medellín;2023-08-07 12:37:00;pendiente;Sin procesar;Sin procesar
4302;Cristian Muñoz;+57 317 930 5966;cristian.muñoz802@gmail.com;Cra 71 #50-47, Buenos Aires, Medellín;2024-12-31 15:27:00;aprobado;71767174662;approved
249;Felipe Ríos;+57 305 413 8459;felipe.rios405@gmail.com;Transversal 36 #47-18, Manrique, Medellín;2022-01-26 09:19:00;rechazado;47950330172;rejected
7208;Julián Ortiz;+57 300 705 7836;julian.ortiz60@gmail.com;Av 115 #79-36, La América, Medellín;2022-05-12 15:11:00;pendiente;Sin procesar;Sin procesar
5730;Juan Pablo Gómez;+57 301 187 1813;juan.gomez209@yahoo.com;Transversal 48 #88-27, Belén, Medellín;2024-05-23 22:18:00;aprobado;53055735458;approved
6687;Esteban Ramos;+57 320 574 9025;esteban.ramos46@yahoo.com;Cl 117 #76-2, Envigado, Medellín;2023-03-10 20:20:00;aprobado;39806814635;approved
3999;Sofía Torres;+57 310 353 7513;sofia.torres456@outlook.com;Av 11 #46-36, Bello, Medellín;2022-06-06 22:23:00;aprobado;42664165100;approved
2053;Gabriela Pérez;+57 320 836 9294;gabriela.perez815@yahoo.com;Av 41 #16-6, Castilla, Medellín;2024-12-05 16:09:00;aprobado;39088288688;approved
2733;Natalia Vega;+57 301 648 7120;natalia.vega854@outlook.com;Cra 89 #22-5, Sabaneta, Medellín;2024-11-20 21:33:00;pendiente;Sin procesar;Sin procesar
3956;Nicolás Moreno;+57 316 415 5999;nicolas.moreno111@gmail.com;Cra 95 #46-29, Castilla, Medellín;2024-10-07 19:53:00;pendiente;Sin procesar;Sin procesar
8605;Lucía Castro;+57 314 864 5652;lucia.castro977@hotmail.com;Cra 105 #95-47, Robledo, Medellín;2024-05-31 16:17:00;pendiente;Sin procesar;pending
110;Natalia Vega;+57 312 053 4967;natalia.vega534@hotmail.com;Diagonal 38 #15-46, Envigado, Medellín;2024-06-29 22:27:00;aprobado;19719753809;approved
1909;Julián Ortiz;+57 310 131 5285;julian.ortiz283@outlook.com;Transversal 87 #10-46, La América, Medellín;2022-03-20 14:06:00;pendiente;Sin procesar;pending
584;Laura Gutiérrez;+57 315 032 9633;laura.gutierrez272@outlook.com;Cl 63 #24-47, La Candelaria, Medellín;2023-02-08 10:12:00;aprobado;82803272323;approved
7116;Julián Ortiz;+57 301 789 3206;julian.ortiz705@yahoo.com;Transversal 49 #81-38, Aranjuez, Medellín;2023-12-16 15:33:00;aprobado;52425212996;approved
7948;Laura Gutiérrez;+57 312 695 8741;laura.gutierrez225@gmail.com;Av 54 #58-21, Aranjuez, Medellín;2024-05-20 09:11:00;pendiente;Sin procesar;Sin procesar
2099;Andrés Herrera;+57 317 779 6304;andres.herrera275@hotmail.com;Diagonal 8 #72-50, La América, Medellín;2023-06-20 18:20:00;pendiente;Sin procesar;Sin procesar
896;Diego Cardona;+57 305 735 0476;diego.cardona227@hotmail.com;Transversal 27 #81-8, Caldas, Medellín;2023-07-11 10:38:00;aprobado;20218535207;approved
9059;Ana Lucía Medina;+57 301 083 5832;ana.medina859@outlook.com;Cl 38 #21-24, La América, Medellín;2024-04-26 11:35:00;aprobado;14037328522;approved
8628;Santiago Martínez;+57 301 867 0244;santiago.martinez25@hotmail.com;Cl 5 #35-48, Envigado, Medellín;2024-02-13 18:25:00;aprobado;48124799666;approved
7410;Nicolás Moreno;+57 304 906 3757;nicolas.moreno577@gmail.com;Av 43 #19-41, Belén, Medellín;2022-07-15 16:10:00;aprobado;89413135538;approved
7759;Samuel Díaz;+57 313 930 7464;samuel.diaz759@yahoo.com;Cl 5 #42-45, Girardota, Medellín;2024-04-12 21:00:00;pendiente;Sin procesar;pending
8189;Ana Lucía Medina;+57 310 357 7881;ana.medina944@gmail.com;Diagonal 90 #10-25, Sabaneta, Medellín;2022-01-28 10:33:00;aprobado;36483614345;approved
3350;Mateo González;+57 317 958 9477;mateo.gonzalez216@yahoo.com;Cl 22 #68-46, La Candelaria, Medellín;2022-01-21 13:26:00;pendiente;Sin procesar;pending
5110;Daniel Reyes;+57 316 331 8751;daniel.reyes63@outlook.com;Transversal 21 #9-23, Copacabana, Medellín;2023-08-04 13:40:00;pendiente;Sin procesar;pending
6983;Mariana Ramírez;+57 314 459 6488;mariana.ramirez657@hotmail.com;Cra 76 #20-7, Robledo, Medellín;2023-07-28 10:16:00;pendiente;Sin procesar;pending
6275;Diego Cardona;+57 310 999 4973;diego.cardona173@gmail.com;Cl 28 #12-40, Sabaneta, Medellín;2022-10-21 10:30:00;aprobado;19978660194;approved
2722;Natalia Vega;+57 315 426 8774;natalia.vega702@gmail.com;Transversal 116 #56-42, Guayabal, Medellín;2022-12-31 08:55:00;aprobado;73803338267;approved
3503;Ana Lucía Medina;+57 314 836 5203;ana.medina453@yahoo.com;Transversal 25 #1-38, Buenos Aires, Medellín;2023-11-04 09:58:00;aprobado;48293099908;approved
550;Manuela Sánchez;+57 315 476 0440;manuela.sanchez995@gmail.com;Diagonal 78 #81-30, La Candelaria, Medellín;2022-12-22 15:47:00;rechazado;57408680509;rejected
2899;Valentina García;+57 318 216 1070;valentina.garcia322@gmail.com;Transversal 36 #25-42, Caldas, Medellín;2022-02-04 13:53:00;aprobado;91545409901;approved
6606;Felipe Ríos;+57 311 013 8241;felipe.rios177@outlook.com;Cra 36 #78-13, Bello, Medellín;2024-04-18 10:40:00;rechazado;45696179813;rejected
9309;Juan Pablo Gómez;+57 318 197 1112;juan.gomez748@gmail.com;Cl 41 #76-41, Laureles, Medellín;2022-12-13 20:00:00;aprobado;59984595812;approved
4043;Gabriela Pérez;+57 305 324 0642;gabriela.perez286@hotmail.com;Transversal 41 #53-15, Robledo, Medellín;2023-07-13 22:12:00;pendiente;Sin procesar;Sin procesar
8027;Mariana Ramírez;+57 310 955 8720;mariana.ramirez973@outlook.com;Cl 69 #73-14, Castilla, Medellín;2023-12-12 18:51:00;aprobado;53840650851;approved
4407;María José Suárez;+57 301 834 3740;maria.suarez945@gmail.com;Transversal 85 #81-12, La Candelaria, Medellín;2022-10-14 15:37:00;rechazado;88908353565;rejected
5282;Salomé Jiménez;+57 316 150 2675;salome.jimenez345@gmail.com;Cl 117 #46-20, Itagüí, Medellín;2024-08-14 16:11:00;aprobado;72777871926;approved
6543;Sara Álvarez;+57 312 345 9576;sara.alvarez308@gmail.com;Cl 98 #65-7, Castilla, Medellín;2024-05-22 20:17:00;aprobado;12547242254;approved
9779;Mateo González;+57 316 839 2250;mateo.gonzalez994@gmail.com;Av 102 #99-10, Guayabal, Medellín;2024-07-28 14:10:00;aprobado;36403272857;approved
3025;Natalia Vega;+57 304 361 3285;natalia.vega6@outlook.com;Cl 45 #13-31, Copacabana, Medellín;2024-03-18 19:13:00;pendiente;Sin procesar;Sin procesar
1570;Laura Gutiérrez;+57 311 252 6546;laura.gutierrez612@outlook.com;Transversal 10 #45-32, Girardota, Medellín;2022-02-25 11:56:00;aprobado;43362635647;approved
27;Nicolás Moreno;+57 314 961 3273;nicolas.moreno46@hotmail.com;Av 56 #12-22, San Javier, Medellín;2023-01-04 14:09:00;aprobado;62875737846;approved
6582;Valentina García;+57 311 046 4197;valentina.garcia515@yahoo.com;Diagonal 92 #43-35, Guayabal, Medellín;2022-08-17 20:11:00;aprobado;21487830242;approved
9670;Isabella Hernández;+57 305 389 7607;isabella.hernandez289@gmail.com;Cra 112 #63-30, Guayabal, Medellín;2022-04-13 22:38:00;pendiente;Sin procesar;Sin procesar
386;Alejandro Ruiz;+57 313 424 5607;alejandro.ruiz333@yahoo.com;Cra 77 #15-23, El Poblado, Medellín;2024-12-24 19:25:00;aprobado;19342557376;approved
8085;Juan Pablo Gómez;+57 311 457 9389;juan.gomez470@gmail.com;Cra 42 #48-3, Sabaneta, Medellín;2022-07-27 14:32:00;pendiente;Sin procesar;Sin procesar
6566;Cristian Muñoz;+57 300 241 6139;cristian.muñoz268@yahoo.com;Transversal 66 #70-16, El Poblado, Medellín;2024-02-06 17:30:00;aprobado;46236405585;approved
8218;Felipe Ríos;+57 315 096 2440;felipe.rios417@hotmail.com;Cra 101 #54-43, Sabaneta, Medellín;2023-07-17 12:29:00;aprobado;40482017278;approved
1045;Samuel Díaz;+57 314 497 9695;samuel.diaz555@outlook.com;Diagonal 120 #72-1, La América, Medellín;2023-11-29 13:22:00;pendiente;Sin procesar;pending
8721;Gabriela Pérez;+57 316 264 6091;gabriela.perez647@outlook.com;Transversal 45 #11-14, Bello, Medellín;2024-01-27 12:18:00;rechazado;12007382296;rejected
5762;Isabella Hernández;+57 314 660 4873;isabella.hernandez385@hotmail.com;Diagonal 78 #16-7, San Javier, Medellín;2023-03-24 11:07:00;aprobado;84737226313;approved
9819;Alejandro Ruiz;+57 305 551 5888;alejandro.ruiz402@hotmail.com;Diagonal 64 #97-30, Buenos Aires, Medellín;2024-07-09 10:59:00;aprobado;50372926073;approved
7603;Valentina García;+57 315 216 9666;valentina.garcia194@gmail.com;Transversal 29 #18-40, Caldas, Medellín;2024-10-27 09:38:00;aprobado;14060844441;approved
7732;Lucía Castro;+57 315 150 9688;lucia.castro885@hotmail.com;Cl 59 #48-47, Aranjuez, Medellín;2022-12-25 15:59:00;aprobado;28565959072;approved
7704;Andrés Herrera;+57 318 616 4819;andres.herrera663@gmail.com;Diagonal 62 #93-4, Buenos Aires, Medellín;2024-03-26 21:52:00;aprobado;63100283852;approved
7210;María José Suárez;+57 311 112 4912;maria.suarez376@outlook.com;Av 19 #32-31, Robledo, Medellín;2023-06-26 09:21:00;rechazado;77469997237;rejected
4839;Ana Lucía Medina;+57 316 757 4949;ana.medina37@hotmail.com;Cl 67 #37-2, Aranjuez, Medellín;2024-01-30 17:23:00;pendiente;Sin procesar;Sin procesar
7788;María José Suárez;+57 316 742 2294;maria.suarez880@outlook.com;Av 82 #30-2, Robledo, Medellín;2023-09-13 10:37:00;pendiente;Sin procesar;Sin procesar
8468;Nicolás Moreno;+57 311 792 5298;nicolas.moreno322@yahoo.com;Diagonal 111 #63-42, Itagüí, Medellín;2024-11-12 15:11:00;aprobado;65392767066;approved
8314;Salomé Jiménez;+57 301 488 8107;salome.jimenez581@hotmail.com;Cl 33 #95-12, Aranjuez, Medellín;2023-04-13 19:45:00;aprobado;15057026256;approved
3114;Esteban Ramos;+57 316 128 4033;esteban.ramos250@outlook.com;Diagonal 13 #69-4, La América, Medellín;2022-05-30 11:30:00;pendiente;Sin procesar;Sin procesar
7919;Daniel Reyes;+57 313 444 8354;daniel.reyes695@yahoo.com;Diagonal 15 #97-12, La Candelaria, Medellín;2022-01-14 13:57:00;aprobado;33604229433;approved
4992;Mateo González;+57 301 758 2313;mateo.gonzalez219@yahoo.com;Transversal 40 #41-50, Bello, Medellín;2024-08-24 09:43:00;pendiente;Sin procesar;pending
3145;Sara Álvarez;+57 317 622 9258;sara.alvarez486@outlook.com;Av 30 #34-31, Buenos Aires, Medellín;2024-01-30 10:19:00;aprobado;60365834372;approved
6969;Laura Gutiérrez;+57 314 660 6065;laura.gutierrez662@hotmail.com;Diagonal 99 #36-2, Robledo, Medellín;2023-03-04 18:45:00;aprobado;11604063728;approved
9144;Lucía Castro;+57 313 339 8741;lucia.castro77@hotmail.com;Cl 42 #93-31, Girardota, Medellín;2024-08-20 08:49:00;aprobado;42156597758;approved
972;Mariana Ramírez;+57 301 054 8574;mariana.ramirez114@outlook.com;Cl 113 #96-5, La América, Medellín;2024-04-27 21:09:00;rechazado;51187913110;rejected
4244;Gabriela Pérez;+57 305 902 1666;gabriela.perez826@outlook.com;Cra 107 #68-4, Bello, Medellín;2024-04-02 08:36:00;aprobado;18571270663;approved
8828;Manuela Sánchez;+57 312 495 1191;manuela.sanchez998@gmail.com;Transversal 21 #66-6, Girardota, Medellín;2024-08-17 17:41:00;rechazado;21819352065;rejected
7631;Ana Lucía Medina;+57 312 251 2957;ana.medina541@outlook.com;Cra 52 #74-19, Laureles, Medellín;2024-03-09 08:00:00;aprobado;67219204910;approved
5352;Isabella Hernández;+57 313 739 5923;isabella.hernandez792@hotmail.com;Cl 40 #24-7, Laureles, Medellín;2024-12-28 17:54:00;pendiente;Sin procesar;pending
6235;Gabriela Pérez;+57 314 112 8981;gabriela.perez167@hotmail.com;Cra 63 #95-39, Guayabal, Medellín;2023-10-11 14:12:00;aprobado;22821130676;approved
8336;Diego Cardona;+57 301 700 6661;diego.cardona364@yahoo.com;Av 108 #9-28, Buenos Aires, Medellín;2023-04-15 19:05:00;aprobado;78186650904;approved
5297;Valentina García;+57 300 232 9028;valentina.garcia160@hotmail.com;Diagonal 98 #5-4, Caldas, Medellín;2023-03-06 21:47:00;rechazado;93200835297;rejected
2862;Alejandro Ruiz;+57 320 822 5120;alejandro.ruiz510@hotmail.com;Av 52 #81-24, Manrique, Medellín;2023-10-20 08:50:00;aprobado;11424134054;approved
2365;Natalia Vega;+57 320 608 6982;natalia.vega162@gmail.com;Cra 45 #29-6, Castilla, Medellín;2022-05-16 09:30:00;aprobado;70058111645;approved
9884;Julián Ortiz;+57 317 047 7425;julian.ortiz673@yahoo.com;Transversal 86 #92-7, La Candelaria, Medellín;2024-10-06 19:53:00;rechazado;40605219610;rejected
3696;Manuela Sánchez;+57 315 116 4913;manuela.sanchez232@yahoo.com;Cl 94 #85-20, La América, Medellín;2024-08-04 18:37:00;pendiente;Sin procesar;pending
9493;Lucía Castro;+57 316 060 3202;lucia.castro650@gmail.com;Cl 21 #51-21, Laureles, Medellín;2024-09-11 15:54:00;aprobado;96705718565;approved
7408;Julián Ortiz;+57 304 794 8714;julian.ortiz672@yahoo.com;Av 115 #24-17, La América, Medellín;2024-09-25 20:35:00;aprobado;25733530685;approved
6136;María José Suárez;+57 302 129 3289;maria.suarez435@hotmail.com;Av 7 #52-19, San Javier, Medellín;2024-04-12 14:57:00;rechazado;54959735478;rejected
1227;Isabella Hernández;+57 305 843 9910;isabella.hernandez774@outlook.com;Cl 19 #62-11, Aranjuez, Medellín;2024-12-03 20:10:00;aprobado;88988742110;approved
3708;Sofía Torres;+57 305 261 9237;sofia.torres146@yahoo.com;Av 2 #82-8, Bello, Medellín;2023-09-30 16:06:00;pendiente;Sin procesar;pending
8868;Andrés Herrera;+57 316 972 1540;andres.herrera391@yahoo.com;Cra 81 #60-28, Girardota, Medellín;2022-11-12 22:45:00;aprobado;51912264562;approved
1616;Esteban Ramos;+57 314 113 5996;esteban.ramos835@outlook.com;Cra 45 #83-29, Doce de Octubre, Medellín;2024-06-12 08:25:00;pendiente;Sin procesar;pending
6576;Ana Lucía Medina;+57 317 527 1559;ana.medina552@hotmail.com;Av 107 #40-7, Belén, Medellín;2024-11-04 13:39:00;rechazado;34221360704;rejected
7954;Ana Lucía Medina;+57 310 575 2250;ana.medina115@hotmail.com;Transversal 40 #65-45, Copacabana, Medellín;2023-08-30 20:35:00;aprobado;93313652038;approved
4486;Samuel Díaz;+57 300 733 3373;samuel.diaz149@gmail.com;Av 32 #3-40, La Candelaria, Medellín;2024-06-17 14:35:00;aprobado;33245752705;approved
9429;Julián Ortiz;+57 320 645 4655;julian.ortiz922@hotmail.com;Av 70 #46-5, Sabaneta, Medellín;2023-10-21 21:52:00;aprobado;86431335664;approved
8315;Sara Álvarez;+57 316 785 1935;sara.alvarez735@hotmail.com;Diagonal 35 #74-4, Doce de Octubre, Medellín;2024-06-15 15:37:00;pendiente;Sin procesar;pending
943;Mateo González;+57 320 572 1514;mateo.gonzalez584@yahoo.com;Cra 92 #77-32, Castilla, Medellín;2022-01-10 14:13:00;pendiente;Sin procesar;Sin procesar
3811;Juan Pablo Gómez;+57 314 862 8950;juan.gomez995@gmail.com;Av 76 #16-50, Belén, Medellín;2022-05-11 16:26:00;aprobado;38916109287;approved
2939;Samuel Díaz;+57 318 207 1511;samuel.diaz969@outlook.com;Transversal 90 #88-25, Castilla, Medellín;2024-02-20 19:30:00;rechazado;56588650753;rejected
7052;Mateo González;+57 320 471 2463;mateo.gonzalez233@yahoo.com;Cra 44 #58-49, Envigado, Medellín;2024-08-12 12:01:00;pendiente;Sin procesar;pending
8670;Andrés Herrera;+57 300 056 4099;andres.herrera384@gmail.com;Cl 25 #82-40, La Candelaria, Medellín;2023-01-08 16:13:00;aprobado;92268686235;approved
2909;Nicolás Moreno;+57 313 270 9081;nicolas.moreno827@yahoo.com;Av 14 #45-44, Itagüí, Medellín;2024-11-27 10:57:00;aprobado;37907198756;approved
5528;Esteban Ramos;+57 312 867 1815;esteban.ramos253@yahoo.com;Cl 31 #63-13, San Javier, Medellín;2022-03-27 13:03:00;pendiente;Sin procesar;pending
5252;Julián Ortiz;+57 320 899 8868;julian.ortiz659@hotmail.com;Av 42 #18-29, Robledo, Medellín;2023-08-23 18:27:00;aprobado;63408514561;approved
5268;Camila López;+57 313 796 4740;camila.lopez541@gmail.com;Cl 12 #40-38, Girardota, Medellín;2022-12-22 18:20:00;aprobado;12294767242;approved
5764;Santiago Martínez;+57 313 068 8285;santiago.martinez698@gmail.com;Cl 13 #59-12, Aranjuez, Medellín;2023-10-18 09:45:00;rechazado;37896994605;rejected
4467;Sofía Torres;+57 311 066 6437;sofia.torres260@gmail.com;Diagonal 6 #90-50, Doce de Octubre, Medellín;2022-09-21 18:44:00;rechazado;96202245706;rejected
8005;Sebastián Rodríguez;+57 301 285 2464;sebastian.rodriguez550@yahoo.com;Av 110 #73-17, Envigado, Medellín;2022-09-02 14:52:00;pendiente;Sin procesar;pending
8491;Juan Pablo Gómez;+57 300 771 1306;juan.gomez189@gmail.com;Cra 31 #56-40, Guayabal, Medellín;2024-06-16 19:09:00;aprobado;82729325177;approved
5209;Ana Lucía Medina;+57 300 902 5425;ana.medina474@hotmail.com;Cra 51 #49-10, Buenos Aires, Medellín;2024-11-01 09:14:00;rechazado;38463665819;rejected
7218;Lucía Castro;+57 301 398 4822;lucia.castro561@yahoo.com;Cra 15 #88-5, Castilla, Medellín;2024-11-26 16:01:00;aprobado;58626143366;approved
3894;Andrés Herrera;+57 315 794 5772;andres.herrera466@yahoo.com;Cl 19 #37-41, Itagüí, Medellín;2024-03-06 12:56:00;aprobado;65924499117;approved
3555;Isabella Hernández;+57 316 393 9578;isabella.hernandez884@outlook.com;Av 83 #40-14, San Javier, Medellín;2022-10-17 15:06:00;aprobado;68512899659;approved
2568;Santiago Martínez;+57 315 686 2703;santiago.martinez396@hotmail.com;Av 96 #88-37, Sabaneta, Medellín;2024-04-03 17:50:00;pendiente;Sin procesar;pending
2140;Alejandro Ruiz;+57 317 759 9801;alejandro.ruiz806@gmail.com;Cra 3 #2-4, La América, Medellín;2022-07-04 13:59:00;aprobado;49569584609;approved
5170;Laura Gutiérrez;+57 314 775 2441;laura.gutierrez822@hotmail.com;Cl 21 #54-8, Copacabana, Medellín;2024-04-19 10:35:00;pendiente;Sin procesar;Sin procesar
1858;María José Suárez;+57 315 271 0267;maria.suarez389@outlook.com;Cl 99 #3-38, Guayabal, Medellín;2024-06-22 17:36:00;aprobado;90194605960;approved
6062;Nicolás Moreno;+57 301 229 4621;nicolas.moreno958@hotmail.com;Av 38 #92-6, Guayabal, Medellín;2024-10-10 08:39:00;rechazado;35734163322;rejected
4592;Nicolás Moreno;+57 313 075 2034;nicolas.moreno270@outlook.com;Diagonal 44 #6-18, Doce de Octubre, Medellín;2022-06-14 13:35:00;rechazado;12680788282;rejected
3271;Felipe Ríos;+57 320 766 0465;felipe.rios376@outlook.com;Diagonal 91 #44-9, Guayabal, Medellín;2023-06-20 16:12:00;aprobado;45569377850;approved
1390;Camila López;+57 317 581 0213;camila.lopez77@hotmail.com;Av 9 #20-37, Aranjuez, Medellín;2022-06-28 21:04:00;rechazado;13105721420;rejected
1154;Felipe Ríos;+57 302 975 1910;felipe.rios722@hotmail.com;Cl 118 #96-6, Itagüí, Medellín;2022-07-07 19:05:00;aprobado;43009404934;approved
3103;Mariana Ramírez;+57 316 113 2532;mariana.ramirez405@yahoo.com;Transversal 53 #65-41, Buenos Aires, Medellín;2023-03-23 14:16:00;pendiente;Sin procesar;pending
4124;Manuela Sánchez;+57 305 210 1750;manuela.sanchez635@outlook.com;Cra 87 #98-46, Doce de Octubre, Medellín;2022-01-25 19:43:00;pendiente;Sin procesar;Sin procesar
9921;Sara Álvarez;+57 315 194 5757;sara.alvarez380@outlook.com;Av 98 #63-21, Copacabana, Medellín;2023-01-25 11:37:00;aprobado;67350247174;approved
6607;Gabriela Pérez;+57 312 772 2660;gabriela.perez895@hotmail.com;Av 49 #81-10, San Javier, Medellín;2024-01-19 08:27:00;rechazado;87958117385;rejected
1097;Andrés Herrera;+57 310 794 2387;andres.herrera823@hotmail.com;Diagonal 63 #2-20, Itagüí, Medellín;2023-11-25 18:19:00;pendiente;Sin procesar;pending
6118;Esteban Ramos;+57 317 259 7107;esteban.ramos379@outlook.com;Cl 27 #42-45, Aranjuez, Medellín;2023-03-10 18:58:00;pendiente;Sin procesar;Sin procesar
3185;Juan Pablo Gómez;+57 320 259 3993;juan.gomez833@hotmail.com;Diagonal 73 #61-2, La América, Medellín;2024-12-11 22:06:00;aprobado;30401920697;approved
7581;Esteban Ramos;+57 314 417 6342;esteban.ramos373@gmail.com;Diagonal 32 #29-41, Laureles, Medellín;2023-02-11 13:52:00;aprobado;29593116409;approved
5148;Diego Cardona;+57 314 833 9914;diego.cardona752@gmail.com;Cl 68 #65-19, Aranjuez, Medellín;2024-10-02 14:44:00;pendiente;Sin procesar;Sin procesar
473;Mariana Ramírez;+57 315 615 7276;mariana.ramirez569@hotmail.com;Transversal 57 #98-21, Envigado, Medellín;2023-07-15 15:17:00;pendiente;Sin procesar;Sin procesar
8384;Lucía Castro;+57 300 271 1221;lucia.castro536@hotmail.com;Cl 12 #97-24, Guayabal, Medellín;2023-11-24 09:26:00;aprobado;21814813785;approved
2501;Santiago Martínez;+57 318 285 5660;santiago.martinez523@yahoo.com;Diagonal 4 #86-46, Castilla, Medellín;2022-05-20 08:12:00;pendiente;Sin procesar;pending
4266;Mariana Ramírez;+57 311 147 0798;mariana.ramirez789@outlook.com;Cl 24 #15-3, San Javier, Medellín;2022-08-07 19:59:00;aprobado;51864218941;approved
9720;Laura Gutiérrez;+57 318 457 0394;laura.gutierrez223@gmail.com;Av 2 #28-12, La América, Medellín;2023-02-27 15:46:00;aprobado;56041917468;approved
2708;Gabriela Pérez;+57 320 778 9431;gabriela.perez632@gmail.com;Cra 110 #4-40, El Poblado, Medellín;2022-01-23 12:59:00;rechazado;71432835164;rejected
1594;Salomé Jiménez;+57 300 533 6514;salome.jimenez428@gmail.com;Av 99 #5-8, Buenos Aires, Medellín;2022-10-18 12:29:00;aprobado;13404889130;approved
236;Natalia Vega;+57 301 137 9844;natalia.vega24@outlook.com;Cra 94 #89-10, Robledo, Medellín;2022-05-14 14:43:00;rechazado;14423378745;rejected
2868;Daniel Reyes;+57 300 901 4473;daniel.reyes822@yahoo.com;Cra 86 #35-13, Aranjuez, Medellín;2024-06-07 20:00:00;aprobado;91061154969;approved
5693;Sara Álvarez;+57 317 427 8656;sara.alvarez89@yahoo.com;Cl 43 #46-42, Doce de Octubre, Medellín;2024-07-12 20:34:00;aprobado;18116375417;approved
2377;Lucía Castro;+57 314 582 9236;lucia.castro84@outlook.com;Cra 65 #70-3, Bello, Medellín;2022-08-01 17:00:00;aprobado;87028113589;approved
5487;Andrés Herrera;+57 312 155 8686;andres.herrera225@yahoo.com;Diagonal 89 #97-7, Aranjuez, Medellín;2024-07-18 10:53:00;rechazado;13076063696;rejected
1767;Natalia Vega;+57 312 214 3643;natalia.vega555@gmail.com;Cl 4 #3-2, Buenos Aires, Medellín;2022-05-09 11:11:00;aprobado;44647595012;approved
5858;Gabriela Pérez;+57 315 609 4565;gabriela.perez214@yahoo.com;Diagonal 80 #76-31, Caldas, Medellín;2022-03-27 18:31:00;rechazado;55097134467;rejected
6288;Nicolás Moreno;+57 317 816 9957;nicolas.moreno28@outlook.com;Cra 63 #98-6, La Candelaria, Medellín;2023-01-06 16:05:00;pendiente;Sin procesar;pending
1541;Felipe Ríos;+57 312 653 9705;felipe.rios318@outlook.com;Cl 79 #53-7, Laureles, Medellín;2022-09-20 17:55:00;aprobado;82737582655;approved
4502;Gabriela Pérez;+57 316 968 0491;gabriela.perez715@outlook.com;Cl 116 #58-19, Itagüí, Medellín;2022-03-23 12:38:00;pendiente;Sin procesar;Sin procesar
1259;Sebastián Rodríguez;+57 304 773 0626;sebastian.rodriguez45@yahoo.com;Cl 29 #44-44, Girardota, Medellín;2024-07-10 11:45:00;aprobado;23383502673;approved
9916;Mateo González;+57 314 077 5608;mateo.gonzalez920@yahoo.com;Transversal 14 #54-31, El Poblado, Medellín;2023-07-26 14:35:00;pendiente;Sin procesar;pending
5860;Camila López;+57 312 683 2102;camila.lopez89@hotmail.com;Cl 58 #85-35, Guayabal, Medellín;2023-06-23 15:04:00;pendiente;Sin procesar;Sin procesar
2415;Sebastián Rodríguez;+57 305 260 5080;sebastian.rodriguez116@yahoo.com;Transversal 68 #2-20, Sabaneta, Medellín;2023-10-17 22:15:00;aprobado;39211040218;approved
3509;Sofía Torres;+57 301 268 8122;sofia.torres879@hotmail.com;Cra 62 #66-5, Girardota, Medellín;2022-04-12 11:40:00;aprobado;99506134677;approved
6659;Nicolás Moreno;+57 300 605 6035;nicolas.moreno401@outlook.com;Transversal 108 #29-48, Sabaneta, Medellín;2024-08-09 17:50:00;rechazado;99143893787;rejected
8146;Mateo González;+57 317 169 0618;mateo.gonzalez87@hotmail.com;Cra 48 #36-26, Manrique, Medellín;2024-08-09 18:51:00;pendiente;Sin procesar;Sin procesar
5049;Laura Gutiérrez;+57 318 787 6989;laura.gutierrez614@hotmail.com;Diagonal 44 #12-45, La Candelaria, Medellín;2023-03-12 16:33:00;aprobado;96979929365;approved
9740;Mariana Ramírez;+57 313 355 3935;mariana.ramirez996@yahoo.com;Cl 106 #43-34, Castilla, Medellín;2023-07-25 12:38:00;rechazado;30559550537;rejected
5923;Diego Cardona;+57 316 885 3798;diego.cardona178@gmail.com;Av 82 #32-14, Caldas, Medellín;2023-11-22 10:56:00;aprobado;41675377894;approved
9310;Salomé Jiménez;+57 312 852 4914;salome.jimenez128@outlook.com;Transversal 51 #1-5, Robledo, Medellín;2023-06-06 22:31:00;aprobado;89674410096;approved
3264;Laura Gutiérrez;+57 305 067 9176;laura.gutierrez397@yahoo.com;Cra 18 #24-8, Guayabal, Medellín;2022-04-22 08:54:00;pendiente;Sin procesar;Sin procesar
1572;Sebastián Rodríguez;+57 320 630 9001;sebastian.rodriguez346@yahoo.com;Av 56 #31-15, Aranjuez, Medellín;2023-07-01 22:35:00;aprobado;43675842137;approved
3603;Isabella Hernández;+57 302 638 9021;isabella.hernandez585@yahoo.com;Diagonal 16 #13-16, Castilla, Medellín;2023-03-29 11:29:00;pendiente;Sin procesar;pending
8054;Valentina García;+57 311 855 0789;valentina.garcia398@outlook.com;Transversal 27 #48-10, Belén, Medellín;2024-02-13 10:50:00;aprobado;36659424271;approved
4763;Lucía Castro;+57 320 369 7093;lucia.castro661@gmail.com;Diagonal 92 #3-25, Girardota, Medellín;2023-08-12 13:24:00;aprobado;67943221131;approved
7166;Felipe Ríos;+57 305 534 5472;felipe.rios173@hotmail.com;Transversal 83 #67-39, Bello, Medellín;2023-05-02 21:02:00;aprobado;15860791446;approved
2602;Ana Lucía Medina;+57 301 980 4184;ana.medina464@hotmail.com;Av 19 #56-18, Itagüí, Medellín;2023-04-15 14:19:00;pendiente;Sin procesar;pending
9382;Samuel Díaz;+57 315 248 7623;samuel.diaz18@hotmail.com;Transversal 92 #10-5, Envigado, Medellín;2023-07-06 21:50:00;rechazado;25178213956;rejected
2932;Ana Lucía Medina;+57 302 823 0524;ana.medina526@gmail.com;Transversal 65 #8-26, Sabaneta, Medellín;2022-12-09 08:30:00;aprobado;30815718402;approved
9403;Samuel Díaz;+57 317 473 7213;samuel.diaz166@gmail.com;Cra 49 #18-1, Buenos Aires, Medellín;2024-01-08 16:51:00;rechazado;84711028777;rejected
7646;Juan Pablo Gómez;+57 315 859 9648;juan.gomez960@outlook.com;Cl 65 #64-9, El Poblado, Medellín;2023-02-28 09:38:00;aprobado;52270836260;approved
6160;Sebastián Rodríguez;+57 305 505 7303;sebastian.rodriguez446@hotmail.com;Diagonal 111 #76-49, Sabaneta, Medellín;2023-09-11 14:15:00;aprobado;46245340859;approved
6088;Daniel Reyes;+57 320 372 6032;daniel.reyes919@gmail.com;Av 48 #7-23, Doce de Octubre, Medellín;2024-02-03 22:41:00;aprobado;91939916398;approved
7817;Tomás Vargas;+57 300 715 5348;tomas.vargas170@gmail.com;Cra 19 #96-46, Copacabana, Medellín;2023-07-07 08:01:00;aprobado;81428203124;approved
7542;Nicolás Moreno;+57 310 954 5089;nicolas.moreno127@outlook.com;Diagonal 56 #98-33, El Poblado, Medellín;2024-02-11 09:09:00;pendiente;Sin procesar;Sin procesar
4377;Andrés Herrera;+57 302 231 9646;andres.herrera226@gmail.com;Cra 39 #2-9, Robledo, Medellín;2024-06-05 17:12:00;aprobado;30973040838;approved
3451;Alejandro Ruiz;+57 300 120 4713;alejandro.ruiz480@hotmail.com;Diagonal 15 #11-43, Doce de Octubre, Medellín;2023-12-03 17:46:00;aprobado;78077782139;approved
5417;Mariana Ramírez;+57 315 582 9849;mariana.ramirez797@hotmail.com;Cl 105 #3-28, La Candelaria, Medellín;2023-07-12 13:32:00;aprobado;16033179604;approved
1745;Sara Álvarez;+57 318 283 3372;sara.alvarez949@gmail.com;Transversal 65 #47-27, San Javier, Medellín;2024-05-08 17:21:00;aprobado;40413218348;approved
1087;Mateo González;+57 317 506 6626;mateo.gonzalez485@gmail.com;Av 48 #16-20, Aranjuez, Medellín;2024-09-23 22:31:00;aprobado;38297062301;approved
3986;Salomé Jiménez;+57 314 252 9596;salome.jimenez874@gmail.com;Cra 11 #11-48, Laureles, Medellín;2022-04-11 16:27:00;aprobado;22440722004;approved
2489;Cristian Muñoz;+57 300 072 0245;cristian.muñoz696@yahoo.com;Transversal 12 #6-11, Buenos Aires, Medellín;2023-08-11 09:02:00;rechazado;18539188155;rejected
2785;Esteban Ramos;+57 320 671 4949;esteban.ramos857@gmail.com;Transversal 37 #18-5, Doce de Octubre, Medellín;2023-06-17 10:41:00;pendiente;Sin procesar;Sin procesar
6446;Esteban Ramos;+57 318 527 7584;esteban.ramos301@outlook.com;Diagonal 104 #31-20, La América, Medellín;2023-03-08 11:29:00;pendiente;Sin procesar;pending
1929;Santiago Martínez;+57 302 172 2145;santiago.martinez705@yahoo.com;Transversal 31 #92-31, Castilla, Medellín;2024-04-19 09:59:00;pendiente;Sin procesar;pending
9283;Andrés Herrera;+57 318 202 4617;andres.herrera897@yahoo.com;Cl 6 #18-16, Bello, Medellín;2024-10-11 12:58:00;aprobado;34570581863;approved
7454;Ana Lucía Medina;+57 316 984 8704;ana.medina341@gmail.com;Diagonal 76 #81-5, La Candelaria, Medellín;2024-05-04 22:29:00;rechazado;56914312248;rejected
4920;Laura Gutiérrez;+57 320 039 4640;laura.gutierrez544@hotmail.com;Cra 29 #58-16, San Javier, Medellín;2022-05-01 14:03:00;aprobado;84189696137;approved
268;Laura Gutiérrez;+57 313 490 7938;laura.gutierrez678@yahoo.com;Cra 110 #31-25, Copacabana, Medellín;2023-11-04 10:34:00;rechazado;20434625146;rejected
339;Lucía Castro;+57 301 242 4462;lucia.castro928@outlook.com;Cl 94 #21-24, Envigado, Medellín;2023-08-15 12:34:00;aprobado;14024825971;approved
4425;Samuel Díaz;+57 302 175 1887;samuel.diaz524@gmail.com;Diagonal 86 #79-18, Belén, Medellín;2023-12-31 20:05:00;pendiente;Sin procesar;pending
4101;Salomé Jiménez;+57 316 091 1225;salome.jimenez165@hotmail.com;Diagonal 119 #97-41, Guayabal, Medellín;2022-03-03 13:54:00;aprobado;24742052432;approved
3480;Diego Cardona;+57 302 397 9137;diego.cardona571@outlook.com;Diagonal 42 #83-24, Robledo, Medellín;2022-03-27 08:28:00;aprobado;87325396070;approved
6104;Nicolás Moreno;+57 315 560 5712;nicolas.moreno864@gmail.com;Transversal 67 #72-50, Envigado, Medellín;2022-10-06 15:31:00;pendiente;Sin procesar;pending
5195;Esteban Ramos;+57 304 486 4010;esteban.ramos962@yahoo.com;Cl 90 #34-25, Sabaneta, Medellín;2023-07-29 13:54:00;aprobado;22804630088;approved
4913;Manuela Sánchez;+57 311 004 5212;manuela.sanchez954@gmail.com;Av 15 #13-17, La América, Medellín;2023-10-14 22:07:00;aprobado;38245471727;approved
4531;Sara Álvarez;+57 305 881 8984;sara.alvarez929@yahoo.com;Cra 115 #52-49, El Poblado, Medellín;2023-01-10 22:56:00;aprobado;45791107306;approved
2775;Daniel Reyes;+57 316 836 0849;daniel.reyes814@hotmail.com;Diagonal 71 #31-4, Castilla, Medellín;2023-09-03 17:42:00;pendiente;Sin procesar;pending
6628;Laura Gutiérrez;+57 314 694 4391;laura.gutierrez724@outlook.com;Av 83 #78-32, Laureles, Medellín;2022-08-23 14:37:00;aprobado;47567158241;approved
9507;María José Suárez;+57 301 320 3301;maria.suarez701@outlook.com;Cl 28 #36-8, Girardota, Medellín;2022-06-01 18:13:00;pendiente;Sin procesar;pending
2366;Alejandro Ruiz;+57 302 155 6684;alejandro.ruiz455@hotmail.com;Cl 27 #50-23, Robledo, Medellín;2023-05-13 15:31:00;pendiente;Sin procesar;Sin procesar
2599;Santiago Martínez;+57 300 078 4361;santiago.martinez903@yahoo.com;Cl 37 #36-12, Castilla, Medellín;2022-01-29 15:50:00;pendiente;Sin procesar;Sin procesar
3292;Nicolás Moreno;+57 316 476 4273;nicolas.moreno449@hotmail.com;Cra 100 #31-42, La Candelaria, Medellín;2024-02-27 11:35:00;aprobado;44831430579;approved
1620;Felipe Ríos;+57 305 846 0191;felipe.rios248@yahoo.com;Av 104 #32-49, Copacabana, Medellín;2024-12-21 22:11:00;aprobado;82917600005;approved
4013;Salomé Jiménez;+57 310 055 7385;salome.jimenez505@hotmail.com;Diagonal 72 #3-45, Belén, Medellín;2022-07-31 17:57:00;aprobado;66828019822;approved
8766;Julián Ortiz;+57 316 118 7233;julian.ortiz224@yahoo.com;Cra 5 #33-1, Girardota, Medellín;2024-04-17 09:17:00;pendiente;Sin procesar;pending
1947;Camila López;+57 301 498 3074;camila.lopez555@hotmail.com;Cra 119 #63-14, Castilla, Medellín;2023-11-09 09:05:00;aprobado;91281444587;approved
5848;Mariana Ramírez;+57 317 782 0190;mariana.ramirez684@yahoo.com;Cl 23 #21-15, El Poblado, Medellín;2023-01-03 11:52:00;pendiente;Sin procesar;pending
6888;Juan Pablo Gómez;+57 301 123 1261;juan.gomez446@hotmail.com;Cl 35 #92-34, Copacabana, Medellín;2024-12-23 22:59:00;pendiente;Sin procesar;Sin procesar
9295;Mateo González;+57 304 762 9745;mateo.gonzalez267@hotmail.com;Cra 26 #52-19, San Javier, Medellín;2024-10-08 22:05:00;aprobado;40295806784;approved
1855;Felipe Ríos;+57 313 769 2082;felipe.rios552@hotmail.com;Cl 31 #7-33, Caldas, Medellín;2022-01-06 11:34:00;aprobado;80175951490;approved
8994;Juan Pablo Gómez;+57 302 206 7323;juan.gomez716@gmail.com;Transversal 19 #80-29, Belén, Medellín;2024-05-14 19:40:00;pendiente;Sin procesar;Sin procesar
5533;Gabriela Pérez;+57 300 000 0015;gabriela.perez169@gmail.com;Cra 89 #25-31, Envigado, Medellín;2024-06-18 20:57:00;pendiente;Sin procesar;pending
424;Diego Cardona;+57 316 255 6184;diego.cardona771@yahoo.com;Av 21 #11-35, Sabaneta, Medellín;2024-03-09 12:31:00;aprobado;32121560853;approved
696;Laura Gutiérrez;+57 310 670 8670;laura.gutierrez46@gmail.com;Cra 85 #34-16, San Javier, Medellín;2023-09-12 18:21:00;aprobado;46575472077;approved
2015;Manuela Sánchez;+57 304 624 8355;manuela.sanchez678@gmail.com;Av 40 #22-37, San Javier, Medellín;2022-03-27 16:45:00;pendiente;Sin procesar;Sin procesar
9865;Santiago Martínez;+57 318 987 9509;santiago.martinez798@hotmail.com;Cl 9 #8-18, El Poblado, Medellín;2022-09-08 21:25:00;aprobado;82305337252;approved
82;Sebastián Rodríguez;+57 305 428 7738;sebastian.rodriguez199@outlook.com;Cl 68 #83-5, San Javier, Medellín;2023-03-07 11:09:00;rechazado;93322720494;rejected
9363;Andrés Herrera;+57 315 464 2036;andres.herrera775@hotmail.com;Av 93 #93-34, Castilla, Medellín;2023-03-15 09:19:00;pendiente;Sin procesar;pending
4778;Gabriela Pérez;+57 315 625 5402;gabriela.perez413@hotmail.com;Av 44 #70-44, Itagüí, Medellín;2023-08-25 11:55:00;rechazado;21461826208;rejected
4585;Daniel Reyes;+57 318 489 8803;daniel.reyes749@gmail.com;Av 31 #72-45, Bello, Medellín;2024-11-28 10:53:00;aprobado;31356622329;approved
5570;Gabriela Pérez;+57 300 404 3333;gabriela.perez994@yahoo.com;Cl 107 #68-17, Girardota, Medellín;2023-08-10 22:45:00;aprobado;19028775712;approved
7643;Sebastián Rodríguez;+57 316 180 9339;sebastian.rodriguez94@hotmail.com;Diagonal 28 #18-26, La América, Medellín;2023-08-04 08:56:00;aprobado;17966363458;approved
1836;Sara Álvarez;+57 313 298 0365;sara.alvarez484@outlook.com;Av 94 #37-39, Envigado, Medellín;2024-04-30 22:00:00;pendiente;Sin procesar;Sin procesar
950;Nicolás Moreno;+57 301 491 1894;nicolas.moreno112@yahoo.com;Cl 30 #51-34, La Candelaria, Medellín;2023-12-04 21:01:00;aprobado;37519053873;approved
3533;Mateo González;+57 314 982 1374;mateo.gonzalez344@yahoo.com;Diagonal 10 #12-17, El Poblado, Medellín;2023-08-26 10:33:00;aprobado;97474894379;approved
8068;Valentina García;+57 320 666 0811;valentina.garcia765@hotmail.com;Diagonal 100 #3-3, Robledo, Medellín;2022-04-24 16:56:00;aprobado;63091474159;approved
6955;Sebastián Rodríguez;+57 317 829 3844;sebastian.rodriguez768@gmail.com;Cra 31 #39-36, Laureles, Medellín;2024-12-16 15:49:00;aprobado;50126201314;approved
9016;Samuel Díaz;+57 316 826 0335;samuel.diaz630@gmail.com;Cra 14 #86-24, Doce de Octubre, Medellín;2022-06-02 17:52:00;aprobado;59423904409;approved
9319;Diego Cardona;+57 304 259 1408;diego.cardona909@yahoo.com;Transversal 80 #25-12, Robledo, Medellín;2022-08-10 10:53:00;aprobado;69996870806;approved
898;Salomé Jiménez;+57 311 908 7261;salome.jimenez469@outlook.com;Cra 83 #57-12, Robledo, Medellín;2023-09-26 16:46:00;aprobado;93837734888;approved
5928;Samuel Díaz;+57 315 382 8040;samuel.diaz919@yahoo.com;Diagonal 114 #85-8, Sabaneta, Medellín;2024-06-08 13:01:00;aprobado;89054159875;approved
7114;Ana Lucía Medina;+57 315 418 6965;ana.medina417@gmail.com;Cl 2 #72-31, Castilla, Medellín;2022-07-21 18:53:00;aprobado;39061857573;approved
1970;Diego Cardona;+57 305 346 8239;diego.cardona816@yahoo.com;Transversal 35 #81-3, Laureles, Medellín;2022-12-03 15:48:00;aprobado;10004201248;approved
6401;Andrés Herrera;+57 320 610 1683;andres.herrera77@gmail.com;Cl 105 #79-22, Laureles, Medellín;2022-09-04 09:24:00;rechazado;98528156322;rejected
1199;Mariana Ramírez;+57 318 507 6283;mariana.ramirez893@outlook.com;Diagonal 81 #19-4, Guayabal, Medellín;2023-03-28 18:17:00;pendiente;Sin procesar;pending
4613;Natalia Vega;+57 311 207 2662;natalia.vega611@hotmail.com;Av 3 #72-6, La Candelaria, Medellín;2024-08-29 22:24:00;aprobado;35692419019;approved
4318;Sara Álvarez;+57 300 688 4133;sara.alvarez208@outlook.com;Cl 12 #17-21, Guayabal, Medellín;2022-12-17 11:22:00;aprobado;70596462158;approved
3358;Juan Pablo Gómez;+57 318 211 9206;juan.gomez116@hotmail.com;Diagonal 31 #66-43, La América, Medellín;2022-09-29 15:31:00;rechazado;24499728465;rejected
3357;Tomás Vargas;+57 315 416 7812;tomas.vargas927@outlook.com;Diagonal 86 #66-11, Itagüí, Medellín;2022-06-03 08:53:00;rechazado;21334687001;rejected
2904;Samuel Díaz;+57 313 560 5397;samuel.diaz983@gmail.com;Diagonal 101 #90-38, Copacabana, Medellín;2024-05-27 14:43:00;rechazado;76372593751;rejected
8135;María José Suárez;+57 304 682 0506;maria.suarez554@hotmail.com;Cra 85 #22-12, Aranjuez, Medellín;2023-12-17 13:43:00;pendiente;Sin procesar;pending
244;Salomé Jiménez;+57 317 587 1469;salome.jimenez154@gmail.com;Transversal 84 #99-12, Belén, Medellín;2022-12-10 13:36:00;aprobado;74291006978;approved
4885;Manuela Sánchez;+57 320 959 8811;manuela.sanchez291@yahoo.com;Diagonal 81 #70-33, Doce de Octubre, Medellín;2022-03-15 19:41:00;rechazado;57638341472;rejected
6581;Cristian Muñoz;+57 312 673 8209;cristian.muñoz463@yahoo.com;Diagonal 100 #10-40, Belén, Medellín;2024-02-08 15:39:00;pendiente;Sin procesar;Sin procesar
7152;Juan Pablo Gómez;+57 313 722 5893;juan.gomez506@gmail.com;Transversal 41 #88-34, Laureles, Medellín;2024-03-27 18:11:00;pendiente;Sin procesar;Sin procesar
5905;Santiago Martínez;+57 317 669 5790;santiago.martinez32@gmail.com;Cl 36 #70-12, La América, Medellín;2024-02-07 12:16:00;aprobado;82731967735;approved
2300;Salomé Jiménez;+57 310 942 3289;salome.jimenez868@yahoo.com;Diagonal 107 #29-13, Copacabana, Medellín;2022-07-31 13:25:00;aprobado;19709754578;approved
8734;Andrés Herrera;+57 317 572 5629;andres.herrera176@outlook.com;Transversal 29 #89-15, La América, Medellín;2024-12-20 17:50:00;aprobado;40503805753;approved
9174;Julián Ortiz;+57 316 655 0784;julian.ortiz980@outlook.com;Transversal 42 #3-40, La América, Medellín;2024-09-25 20:43:00;rechazado;47902493649;rejected
1966;Samuel Díaz;+57 320 891 1797;samuel.diaz169@gmail.com;Cl 67 #91-22, Girardota, Medellín;2023-04-29 12:50:00;pendiente;Sin procesar;pending
1446;Laura Gutiérrez;+57 310 471 5531;laura.gutierrez222@hotmail.com;Av 80 #28-27, La Candelaria, Medellín;2024-10-12 09:15:00;aprobado;15657847342;approved
2453;Valentina García;+57 316 141 0527;valentina.garcia393@gmail.com;Transversal 68 #61-36, El Poblado, Medellín;2022-09-27 20:30:00;rechazado;58411505693;rejected
9140;Isabella Hernández;+57 318 562 2586;isabella.hernandez427@gmail.com;Av 111 #99-38, Bello, Medellín;2024-04-30 20:48:00;pendiente;Sin procesar;Sin procesar
8073;Mariana Ramírez;+57 316 585 4859;mariana.ramirez433@yahoo.com;Av 101 #92-40, Buenos Aires, Medellín;2022-12-31 16:08:00;pendiente;Sin procesar;pending
5445;Camila López;+57 300 200 0245;camila.lopez655@hotmail.com;Transversal 83 #30-5, Aranjuez, Medellín;2022-09-26 18:56:00;aprobado;56382692308;approved
5309;Julián Ortiz;+57 310 708 3682;julian.ortiz699@gmail.com;Av 39 #37-34, Bello, Medellín;2024-02-24 14:37:00;aprobado;75043295609;approved
6932;Julián Ortiz;+57 312 746 2025;julian.ortiz867@hotmail.com;Av 37 #27-5, Bello, Medellín;2023-03-24 20:52:00;aprobado;86053415969;approved
3120;Diego Cardona;+57 318 123 9204;diego.cardona640@gmail.com;Cra 49 #95-1, Belén, Medellín;2024-11-30 11:26:00;aprobado;33577385550;approved
397;Sofía Torres;+57 313 276 8172;sofia.torres806@hotmail.com;Av 62 #60-21, Manrique, Medellín;2024-01-14 16:40:00;aprobado;29257917612;approved
536;Salomé Jiménez;+57 310 291 8768;salome.jimenez247@gmail.com;Diagonal 7 #71-12, Doce de Octubre, Medellín;2022-09-05 18:30:00;pendiente;Sin procesar;pending
3560;Gabriela Pérez;+57 320 992 0522;gabriela.perez159@hotmail.com;Diagonal 113 #22-7, Castilla, Medellín;2023-01-11 18:54:00;aprobado;51405020255;approved
4160;Valentina García;+57 314 791 2799;valentina.garcia450@gmail.com;Cl 74 #23-29, Belén, Medellín;2022-11-28 08:21:00;aprobado;72688895047;approved
1844;Ana Lucía Medina;+57 304 752 9883;ana.medina134@hotmail.com;Cra 104 #87-49, Envigado, Medellín;2022-03-10 20:23:00;aprobado;83247620475;approved
4347;Sofía Torres;+57 317 879 7888;sofia.torres885@outlook.com;Av 88 #27-45, Guayabal, Medellín;2024-11-19 13:11:00;pendiente;Sin procesar;Sin procesar
663;Cristian Muñoz;+57 304 044 3619;cristian.muñoz876@yahoo.com;Cra 59 #9-23, Itagüí, Medellín;2023-07-03 21:46:00;pendiente;Sin procesar;pending
9616;Ana Lucía Medina;+57 316 501 4374;ana.medina670@hotmail.com;Cra 79 #26-1, Girardota, Medellín;2024-05-01 15:05:00;pendiente;Sin procesar;Sin procesar
4940;Gabriela Pérez;+57 317 812 4211;gabriela.perez292@gmail.com;Transversal 88 #51-41, Bello, Medellín;2022-10-15 22:21:00;aprobado;27758118904;approved
5883;Sebastián Rodríguez;+57 313 585 6423;sebastian.rodriguez867@gmail.com;Av 10 #96-50, Sabaneta, Medellín;2022-02-22 10:30:00;pendiente;Sin procesar;Sin procesar
3782;Sebastián Rodríguez;+57 313 740 2990;sebastian.rodriguez454@gmail.com;Diagonal 55 #76-2, Castilla, Medellín;2023-04-13 10:08:00;aprobado;98180176257;approved
5703;Nicolás Moreno;+57 310 462 3471;nicolas.moreno141@yahoo.com;Diagonal 56 #1-8, El Poblado, Medellín;2022-02-05 20:07:00;aprobado;35936149557;approved
6760;Valentina García;+57 313 317 6417;valentina.garcia166@outlook.com;Transversal 6 #70-1, Bello, Medellín;2022-07-19 20:46:00;aprobado;24808021660;approved
1773;Isabella Hernández;+57 310 071 3806;isabella.hernandez464@gmail.com;Cl 7 #60-46, Aranjuez, Medellín;2023-11-12 09:03:00;aprobado;75607978195;approved
1872;Tomás Vargas;+57 316 300 9625;tomas.vargas545@yahoo.com;Diagonal 55 #91-28, Caldas, Medellín;2023-06-04 15:01:00;pendiente;Sin procesar;pending
3283;Juan Pablo Gómez;+57 314 627 4666;juan.gomez843@hotmail.com;Cra 46 #75-5, Bello, Medellín;2023-08-05 21:08:00;pendiente;Sin procesar;pending
6797;Santiago Martínez;+57 311 145 9011;santiago.martinez52@outlook.com;Transversal 63 #86-30, Envigado, Medellín;2023-06-01 08:01:00;pendiente;Sin procesar;pending
9223;Juan Pablo Gómez;+57 317 490 5315;juan.gomez804@hotmail.com;Cra 33 #79-39, Bello, Medellín;2022-03-19 20:37:00;aprobado;65459091312;approved
3665;Diego Cardona;+57 315 137 9716;diego.cardona392@yahoo.com;Cra 53 #49-7, Sabaneta, Medellín;2023-03-19 15:18:00;aprobado;76507660450;approved
2855;Sara Álvarez;+57 317 562 3899;sara.alvarez297@gmail.com;Transversal 58 #2-5, Manrique, Medellín;2022-12-05 22:27:00;pendiente;Sin procesar;pending
8857;Sofía Torres;+57 318 211 6020;sofia.torres646@yahoo.com;Cra 109 #70-6, Aranjuez, Medellín;2024-01-27 18:44:00;aprobado;31048915144;approved
368;Natalia Vega;+57 316 889 4801;natalia.vega994@outlook.com;Av 39 #69-9, Itagüí, Medellín;2022-09-04 15:56:00;pendiente;Sin procesar;pending
6125;Sara Álvarez;+57 312 082 0048;sara.alvarez48@outlook.com;Diagonal 41 #61-43, Belén, Medellín;2023-04-01 21:12:00;rechazado;21009844145;rejected
3758;Santiago Martínez;+57 316 141 9615;santiago.martinez438@gmail.com;Diagonal 116 #71-42, Aranjuez, Medellín;2022-12-29 15:18:00;pendiente;Sin procesar;Sin procesar
3735;Juan Pablo Gómez;+57 314 062 4672;juan.gomez771@outlook.com;Transversal 74 #9-28, Laureles, Medellín;2022-10-05 09:19:00;aprobado;26448420166;approved
4068;Sara Álvarez;+57 310 923 6133;sara.alvarez487@outlook.com;Cra 44 #24-16, El Poblado, Medellín;2023-06-06 13:35:00;rechazado;54670272481;rejected
1714;Camila López;+57 317 359 2664;camila.lopez560@outlook.com;Transversal 85 #69-40, Aranjuez, Medellín;2024-03-21 19:39:00;aprobado;63715967044;approved
1480;Sara Álvarez;+57 310 594 5011;sara.alvarez629@hotmail.com;Transversal 87 #24-4, La Candelaria, Medellín;2024-10-01 11:44:00;aprobado;57435716638;approved
126;Nicolás Moreno;+57 300 099 4248;nicolas.moreno995@yahoo.com;Cl 7 #38-25, San Javier, Medellín;2023-07-16 20:57:00;aprobado;76277100644;approved
4295;Alejandro Ruiz;+57 302 045 6577;alejandro.ruiz349@gmail.com;Transversal 58 #40-50, La América, Medellín;2023-03-29 11:50:00;pendiente;Sin procesar;Sin procesar
4229;Isabella Hernández;+57 317 662 2654;isabella.hernandez56@gmail.com;Diagonal 81 #43-39, Caldas, Medellín;2023-12-12 11:59:00;pendiente;Sin procesar;pending
3060;María José Suárez;+57 301 224 2767;maria.suarez711@outlook.com;Av 52 #18-49, La América, Medellín;2022-05-18 14:01:00;rechazado;31814418431;rejected
7276;Sara Álvarez;+57 320 047 2642;sara.alvarez654@outlook.com;Cra 19 #94-8, Itagüí, Medellín;2022-04-20 11:33:00;aprobado;55005767456;approved
6323;Samuel Díaz;+57 318 807 8525;samuel.diaz272@hotmail.com;Av 17 #16-43, Copacabana, Medellín;2023-04-22 16:20:00;aprobado;48440058779;approved
4170;Santiago Martínez;+57 305 547 5231;santiago.martinez115@hotmail.com;Cl 20 #92-29, Buenos Aires, Medellín;2024-03-10 18:39:00;pendiente;Sin procesar;Sin procesar
3380;Gabriela Pérez;+57 304 427 2038;gabriela.perez552@outlook.com;Cl 105 #10-31, Guayabal, Medellín;2022-01-26 18:34:00;rechazado;91893307716;rejected
8277;María José Suárez;+57 305 816 5244;maria.suarez261@yahoo.com;Av 34 #55-4, Copacabana, Medellín;2023-03-07 21:34:00;rechazado;21546736229;rejected
9052;Daniel Reyes;+57 301 053 9128;daniel.reyes468@yahoo.com;Transversal 95 #50-40, Girardota, Medellín;2024-05-21 17:33:00;aprobado;16867010307;approved
9483;Tomás Vargas;+57 316 271 4724;tomas.vargas386@hotmail.com;Cra 104 #12-47, Caldas, Medellín;2024-02-20 19:16:00;rechazado;28330059784;rejected
3710;Natalia Vega;+57 314 728 3391;natalia.vega155@gmail.com;Transversal 64 #4-26, Itagüí, Medellín;2023-07-03 10:33:00;pendiente;Sin procesar;pending
2266;Diego Cardona;+57 304 546 9510;diego.cardona4@hotmail.com;Cra 59 #97-26, Itagüí, Medellín;2022-01-08 13:52:00;aprobado;57001795977;approved
1222;Felipe Ríos;+57 310 006 6664;felipe.rios95@gmail.com;Cra 116 #83-26, Guayabal, Medellín;2023-05-09 21:05:00;aprobado;44113190718;approved
5308;Tomás Vargas;+57 301 699 4970;tomas.vargas536@gmail.com;Av 99 #72-49, Robledo, Medellín;2024-05-30 14:35:00;pendiente;Sin procesar;Sin procesar
9298;Juan Pablo Gómez;+57 314 962 6970;juan.gomez541@hotmail.com;Transversal 56 #72-36, Bello, Medellín;2022-08-31 15:33:00;pendiente;Sin procesar;pending
7025;Nicolás Moreno;+57 302 571 9760;nicolas.moreno710@hotmail.com;Cl 3 #12-9, Castilla, Medellín;2024-01-05 15:54:00;pendiente;Sin procesar;Sin procesar
1583;Salomé Jiménez;+57 313 824 1996;salome.jimenez963@hotmail.com;Diagonal 35 #23-11, Sabaneta, Medellín;2024-04-09 13:32:00;aprobado;16224606339;approved
4331;Diego Cardona;+57 316 542 1854;diego.cardona382@outlook.com;Cra 41 #56-50, Bello, Medellín;2022-09-16 08:54:00;aprobado;60979730673;approved
296;Daniel Reyes;+57 316 016 3564;daniel.reyes974@gmail.com;Diagonal 22 #28-9, Manrique, Medellín;2024-08-20 10:32:00;aprobado;86963848490;approved
4588;Esteban Ramos;+57 300 017 8822;esteban.ramos706@yahoo.com;Diagonal 31 #12-9, Castilla, Medellín;2022-05-29 14:59:00;aprobado;74451340091;approved
9216;Camila López;+57 315 011 9509;camila.lopez183@outlook.com;Cra 105 #85-6, La América, Medellín;2023-01-16 14:05:00;pendiente;Sin procesar;Sin procesar
7219;Samuel Díaz;+57 300 923 0071;samuel.diaz830@outlook.com;Transversal 41 #88-1, Laureles, Medellín;2024-09-17 12:57:00;rechazado;82487264975;rejected
5362;Sara Álvarez;+57 316 432 9876;sara.alvarez608@hotmail.com;Diagonal 45 #17-39, Manrique, Medellín;2023-07-26 15:49:00;aprobado;21736867696;approved
2315;Esteban Ramos;+57 312 348 1310;esteban.ramos265@yahoo.com;Cra 20 #46-50, Copacabana, Medellín;2024-04-05 11:43:00;aprobado;70424695472;approved
5898;Natalia Vega;+57 312 483 5268;natalia.vega62@outlook.com;Av 70 #56-3, Castilla, Medellín;2024-07-06 11:37:00;pendiente;Sin procesar;Sin procesar
3199;Natalia Vega;+57 313 425 3646;natalia.vega937@hotmail.com;Transversal 7 #43-22, El Poblado, Medellín;2024-07-01 21:28:00;pendiente;Sin procesar;pending
5775;Salomé Jiménez;+57 301 562 3920;salome.jimenez609@gmail.com;Transversal 120 #43-50, La América, Medellín;2022-08-08 08:31:00;aprobado;13137988451;approved
3831;Valentina García;+57 310 412 0122;valentina.garcia449@yahoo.com;Transversal 46 #8-1, Itagüí, Medellín;2024-05-05 20:51:00;aprobado;53288717293;approved
3000;Sebastián Rodríguez;+57 320 594 7950;sebastian.rodriguez449@yahoo.com;Cra 107 #64-7, Doce de Octubre, Medellín;2023-01-27 21:08:00;aprobado;85569779737;approved
9665;Santiago Martínez;+57 315 503 1006;santiago.martinez295@hotmail.com;Av 99 #93-1, Robledo, Medellín;2022-08-31 08:17:00;rechazado;66755901021;rejected
4657;Santiago Martínez;+57 301 184 9135;santiago.martinez902@hotmail.com;Transversal 46 #45-49, Aranjuez, Medellín;2024-02-05 18:36:00;aprobado;14924214050;approved
3569;Manuela Sánchez;+57 315 394 4953;manuela.sanchez22@gmail.com;Diagonal 63 #59-25, Itagüí, Medellín;2023-11-16 13:00:00;pendiente;Sin procesar;pending
4614;Diego Cardona;+57 320 575 9887;diego.cardona332@hotmail.com;Cra 22 #76-48, Girardota, Medellín;2024-05-17 12:10:00;pendiente;Sin procesar;pending
2936;Samuel Díaz;+57 317 027 5582;samuel.diaz80@yahoo.com;Diagonal 60 #4-45, Caldas, Medellín;2022-09-16 08:58:00;rechazado;19081856262;rejected
9024;Diego Cardona;+57 300 236 2192;diego.cardona70@yahoo.com;Transversal 101 #16-34, Girardota, Medellín;2024-09-28 19:00:00;aprobado;25313892282;approved
5566;Juan Pablo Gómez;+57 320 378 9318;juan.gomez385@hotmail.com;Transversal 117 #75-31, Itagüí, Medellín;2024-11-08 12:21:00;aprobado;18015408186;approved
2755;Andrés Herrera;+57 316 720 0283;andres.herrera630@yahoo.com;Transversal 17 #81-15, Sabaneta, Medellín;2022-11-15 08:16:00;pendiente;Sin procesar;Sin procesar
3464;Mariana Ramírez;+57 316 281 1659;mariana.ramirez617@hotmail.com;Cra 87 #17-48, Laureles, Medellín;2022-09-19 08:40:00;aprobado;18498346706;approved
3589;Mariana Ramírez;+57 318 227 7521;mariana.ramirez250@yahoo.com;Cl 6 #98-9, Bello, Medellín;2022-11-07 14:21:00;rechazado;46108468668;rejected
942;Salomé Jiménez;+57 310 937 7756;salome.jimenez925@gmail.com;Transversal 69 #29-9, Belén, Medellín;2022-02-16 18:10:00;pendiente;Sin procesar;Sin procesar
1213;Andrés Herrera;+57 312 469 0298;andres.herrera224@gmail.com;Cra 34 #32-48, Copacabana, Medellín;2023-07-20 09:39:00;rechazado;33157957111;rejected
3327;Isabella Hernández;+57 301 670 8056;isabella.hernandez571@yahoo.com;Diagonal 108 #51-30, El Poblado, Medellín;2024-02-24 11:44:00;aprobado;31173594170;approved
5932;Camila López;+57 310 049 4440;camila.lopez452@outlook.com;Diagonal 26 #88-20, Caldas, Medellín;2023-01-22 19:14:00;aprobado;11476566409;approved
7433;Tomás Vargas;+57 304 226 2611;tomas.vargas303@hotmail.com;Av 28 #53-43, Sabaneta, Medellín;2023-12-05 18:35:00;aprobado;23534754421;approved
644;Andrés Herrera;+57 313 799 1962;andres.herrera655@hotmail.com;Av 117 #92-6, Caldas, Medellín;2024-02-18 12:14:00;aprobado;55353590282;approved
4376;Salomé Jiménez;+57 310 769 4757;salome.jimenez412@yahoo.com;Av 26 #47-16, Castilla, Medellín;2024-01-30 17:30:00;pendiente;Sin procesar;Sin procesar
8238;Salomé Jiménez;+57 311 163 4212;salome.jimenez352@yahoo.com;Av 3 #69-45, Laureles, Medellín;2023-11-12 22:53:00;rechazado;20771973698;rejected
9764;Laura Gutiérrez;+57 302 559 6647;laura.gutierrez187@gmail.com;Cl 2 #59-18, Sabaneta, Medellín;2023-06-05 13:49:00;aprobado;32615988217;approved
863;Salomé Jiménez;+57 315 489 3326;salome.jimenez837@gmail.com;Av 100 #41-20, Robledo, Medellín;2022-04-25 15:36:00;pendiente;Sin procesar;pending
297;Andrés Herrera;+57 300 817 8522;andres.herrera955@gmail.com;Cra 48 #94-36, Doce de Octubre, Medellín;2022-07-09 22:59:00;aprobado;32842077664;approved
4578;Sofía Torres;+57 316 268 7447;sofia.torres50@gmail.com;Diagonal 25 #83-11, Laureles, Medellín;2024-12-19 14:50:00;aprobado;30703270491;approved
2164;Samuel Díaz;+57 314 665 6337;samuel.diaz4@gmail.com;Av 117 #8-42, El Poblado, Medellín;2024-02-01 21:09:00;rechazado;87019196194;rejected
5333;Camila López;+57 315 800 0272;camila.lopez747@hotmail.com;Cra 40 #24-21, Doce de Octubre, Medellín;2023-04-02 09:27:00;pendiente;Sin procesar;Sin procesar
2023;Samuel Díaz;+57 317 368 1720;samuel.diaz204@gmail.com;Cl 49 #80-23, Guayabal, Medellín;2022-12-11 16:49:00;rechazado;13096009333;rejected
7941;Esteban Ramos;+57 317 352 5953;esteban.ramos932@hotmail.com;Cl 22 #20-41, Doce de Octubre, Medellín;2023-04-10 19:39:00;aprobado;82557551729;approved
1980;Mateo González;+57 317 823 6010;mateo.gonzalez504@gmail.com;Cl 51 #13-23, Copacabana, Medellín;2023-04-01 22:35:00;aprobado;21622555094;approved
7123;Julián Ortiz;+57 320 484 6735;julian.ortiz454@yahoo.com;Cl 19 #27-14, Sabaneta, Medellín;2022-10-18 10:58:00;aprobado;25611091312;approved
2523;Ana Lucía Medina;+57 310 892 2256;ana.medina59@outlook.com;Cl 106 #80-22, Robledo, Medellín;2024-01-02 18:03:00;aprobado;99752313135;approved
4009;Diego Cardona;+57 301 180 4674;diego.cardona108@hotmail.com;Cra 63 #86-21, Aranjuez, Medellín;2023-09-17 20:07:00;aprobado;10637790413;approved
6314;Natalia Vega;+57 302 608 4639;natalia.vega849@outlook.com;Av 50 #9-21, Manrique, Medellín;2024-09-02 08:23:00;aprobado;88389282332;approved
1103;Camila López;+57 310 164 1195;camila.lopez338@outlook.com;Av 3 #73-43, Belén, Medellín;2024-02-09 17:13:00;aprobado;84950869893;approved
7818;Daniel Reyes;+57 317 020 4262;daniel.reyes683@gmail.com;Cra 80 #84-32, Envigado, Medellín;2022-06-10 19:42:00;aprobado;49297538306;approved
7046;Camila López;+57 320 967 8976;camila.lopez38@outlook.com;Cl 10 #22-28, La Candelaria, Medellín;2024-09-17 11:05:00;rechazado;70695840487;rejected
7543;Paula Mendoza;+57 310 988 9786;paula.mendoza361@hotmail.com;Cl 81 #88-37, Buenos Aires, Medellín;2023-02-20 09:38:00;aprobado;54591343641;approved
9474;Tomás Vargas;+57 315 523 1202;tomas.vargas124@gmail.com;Av 108 #4-50, Guayabal, Medellín;2024-09-22 20:24:00;pendiente;Sin procesar;Sin procesar
4655;Sara Álvarez;+57 312 000 2687;sara.alvarez406@yahoo.com;Av 70 #86-49, Castilla, Medellín;2024-10-13 14:19:00;aprobado;72676826502;approved
6878;Cristian Muñoz;+57 318 365 6045;cristian.muñoz34@gmail.com;Diagonal 32 #46-21, Aranjuez, Medellín;2024-08-21 11:02:00;aprobado;48547552655;approved
7609;Sara Álvarez;+57 312 119 5296;sara.alvarez229@yahoo.com;Cl 7 #89-24, Girardota, Medellín;2024-08-12 19:00:00;aprobado;58825217607;approved
6776;Sebastián Rodríguez;+57 315 364 3159;sebastian.rodriguez297@yahoo.com;Transversal 51 #45-19, Castilla, Medellín;2024-06-09 11:19:00;pendiente;Sin procesar;Sin procesar
3628;Julián Ortiz;+57 305 414 9169;julian.ortiz951@hotmail.com;Transversal 32 #91-17, Manrique, Medellín;2024-07-12 12:14:00;rechazado;69601576537;rejected
9198;Mariana Ramírez;+57 302 230 9586;mariana.ramirez132@outlook.com;Cl 74 #86-35, Bello, Medellín;2023-07-07 09:15:00;pendiente;Sin procesar;pending
7300;Valentina García;+57 302 021 7075;valentina.garcia309@yahoo.com;Cl 37 #81-46, Castilla, Medellín;2024-01-29 13:30:00;rechazado;14834676945;rejected
9285;Samuel Díaz;+57 311 461 2939;samuel.diaz56@gmail.com;Cl 115 #95-23, Envigado, Medellín;2022-10-07 20:07:00;pendiente;Sin procesar;Sin procesar
8664;Lucía Castro;+57 316 963 5957;lucia.castro987@gmail.com;Transversal 56 #11-37, Caldas, Medellín;2023-03-24 09:16:00;rechazado;51027891878;rejected
6356;Sofía Torres;+57 304 113 8850;sofia.torres907@hotmail.com;Av 114 #24-13, Castilla, Medellín;2022-11-19 22:42:00;pendiente;Sin procesar;pending
4797;Julián Ortiz;+57 302 463 1043;julian.ortiz680@outlook.com;Transversal 54 #65-48, San Javier, Medellín;2022-02-27 08:35:00;pendiente;Sin procesar;pending
9545;Sara Álvarez;+57 300 217 7417;sara.alvarez270@hotmail.com;Cra 39 #27-21, El Poblado, Medellín;2022-11-14 11:34:00;rechazado;18363371579;rejected
4593;Mateo González;+57 311 652 7523;mateo.gonzalez206@hotmail.com;Transversal 20 #80-15, Laureles, Medellín;2022-10-07 08:08:00;pendiente;Sin procesar;Sin procesar
164;Sara Álvarez;+57 304 033 4677;sara.alvarez70@gmail.com;Diagonal 101 #59-24, Laureles, Medellín;2024-06-15 21:27:00;rechazado;77756999151;rejected
5165;Esteban Ramos;+57 304 024 5301;esteban.ramos965@hotmail.com;Cl 95 #75-36, Manrique, Medellín;2024-09-25 10:15:00;aprobado;45290822081;approved
765;María José Suárez;+57 302 847 1901;maria.suarez466@hotmail.com;Cl 85 #17-19, El Poblado, Medellín;2024-04-02 08:28:00;rechazado;86807320296;rejected
7804;Gabriela Pérez;+57 315 754 6199;gabriela.perez959@hotmail.com;Av 7 #50-24, Copacabana, Medellín;2023-11-04 16:55:00;aprobado;77334943600;approved
1051;Paula Mendoza;+57 302 259 0956;paula.mendoza404@yahoo.com;Av 118 #65-47, Sabaneta, Medellín;2023-05-22 15:15:00;pendiente;Sin procesar;Sin procesar
7942;Gabriela Pérez;+57 305 039 2519;gabriela.perez995@yahoo.com;Av 23 #77-21, Envigado, Medellín;2024-10-08 09:11:00;rechazado;41157956920;rejected
352;Samuel Díaz;+57 310 422 1626;samuel.diaz696@yahoo.com;Av 76 #83-25, Robledo, Medellín;2023-04-02 19:47:00;aprobado;85988090733;approved
4824;Laura Gutiérrez;+57 305 704 8878;laura.gutierrez614@yahoo.com;Cra 35 #60-2, Itagüí, Medellín;2022-01-22 21:23:00;pendiente;Sin procesar;Sin procesar
3105;Camila López;+57 317 774 9266;camila.lopez650@hotmail.com;Cl 113 #77-48, La América, Medellín;2024-04-28 11:17:00;aprobado;76563438084;approved
5877;Lucía Castro;+57 314 206 1658;lucia.castro86@hotmail.com;Transversal 18 #4-42, Guayabal, Medellín;2022-11-19 10:37:00;aprobado;19092555778;approved
6726;Lucía Castro;+57 304 029 5596;lucia.castro239@outlook.com;Cl 60 #86-47, Sabaneta, Medellín;2024-04-16 10:52:00;rechazado;35572043538;rejected
2488;Laura Gutiérrez;+57 301 215 4815;laura.gutierrez552@hotmail.com;Diagonal 70 #54-35, La Candelaria, Medellín;2024-02-04 12:57:00;aprobado;25388219846;approved
959;Manuela Sánchez;+57 311 442 0062;manuela.sanchez584@outlook.com;Diagonal 82 #68-31, Aranjuez, Medellín;2023-05-10 16:20:00;aprobado;64278962968;approved
5093;Tomás Vargas;+57 317 196 2342;tomas.vargas115@hotmail.com;Diagonal 104 #19-12, Belén, Medellín;2023-01-31 10:01:00;rechazado;21554222290;rejected
8715;Santiago Martínez;+57 304 147 8911;santiago.martinez483@outlook.com;Cl 106 #98-27, Girardota, Medellín;2023-07-23 17:44:00;pendiente;Sin procesar;pending
2941;Lucía Castro;+57 305 383 8058;lucia.castro706@hotmail.com;Diagonal 108 #79-11, Girardota, Medellín;2022-08-05 08:28:00;aprobado;33331102231;approved
6595;Juan Pablo Gómez;+57 302 671 3684;juan.gomez989@gmail.com;Cra 10 #25-10, Bello, Medellín;2022-11-18 11:57:00;rechazado;94683424587;rejected
8325;Isabella Hernández;+57 316 352 7918;isabella.hernandez489@yahoo.com;Cra 52 #62-32, San Javier, Medellín;2022-07-14 18:02:00;pendiente;Sin procesar;Sin procesar
273;Andrés Herrera;+57 316 266 5686;andres.herrera783@hotmail.com;Transversal 112 #46-37, Envigado, Medellín;2022-10-11 13:28:00;aprobado;92927434248;approved
2663;Manuela Sánchez;+57 310 539 4607;manuela.sanchez756@yahoo.com;Cl 75 #78-2, Doce de Octubre, Medellín;2023-07-04 18:30:00;aprobado;94889307820;approved
4990;Alejandro Ruiz;+57 301 799 6708;alejandro.ruiz4@outlook.com;Av 88 #88-32, Manrique, Medellín;2023-12-22 18:39:00;aprobado;46101897815;approved
9966;Camila López;+57 317 841 6734;camila.lopez860@outlook.com;Transversal 81 #44-14, San Javier, Medellín;2024-12-28 09:24:00;rechazado;90644048559;rejected
162;Juan Pablo Gómez;+57 317 928 6052;juan.gomez122@gmail.com;Cl 52 #18-30, El Poblado, Medellín;2024-03-23 14:18:00;pendiente;Sin procesar;pending
4140;Laura Gutiérrez;+57 310 813 0889;laura.gutierrez569@hotmail.com;Cra 43 #62-20, Copacabana, Medellín;2023-01-05 17:38:00;aprobado;27157722040;approved
3876;Juan Pablo Gómez;+57 300 275 0003;juan.gomez48@yahoo.com;Diagonal 98 #87-26, Envigado, Medellín;2023-12-30 18:13:00;aprobado;61326214541;approved
9263;Salomé Jiménez;+57 304 784 6790;salome.jimenez515@outlook.com;Cra 84 #16-34, La Candelaria, Medellín;2022-11-28 14:56:00;pendiente;Sin procesar;pending
6101;Sebastián Rodríguez;+57 320 103 4444;sebastian.rodriguez135@gmail.com;Diagonal 62 #36-43, La América, Medellín;2024-05-14 16:57:00;aprobado;33082121671;approved
2066;Tomás Vargas;+57 301 559 9672;tomas.vargas323@outlook.com;Cl 24 #24-8, Caldas, Medellín;2022-01-17 13:15:00;rechazado;99901697672;rejected
482;Paula Mendoza;+57 305 747 6484;paula.mendoza702@yahoo.com;Av 77 #29-39, Castilla, Medellín;2023-10-31 10:06:00;aprobado;42359905197;approved
2248;Lucía Castro;+57 305 553 1290;lucia.castro4@hotmail.com;Diagonal 17 #85-12, Belén, Medellín;2022-05-20 22:45:00;pendiente;Sin procesar;pending
5369;Sebastián Rodríguez;+57 312 591 7105;sebastian.rodriguez939@gmail.com;Transversal 110 #82-4, Guayabal, Medellín;2023-09-24 17:05:00;aprobado;72054704787;approved
5999;Tomás Vargas;+57 315 352 4784;tomas.vargas115@outlook.com;Cra 46 #75-20, Girardota, Medellín;2024-07-29 11:16:00;pendiente;Sin procesar;pending
8755;Santiago Martínez;+57 300 331 8361;santiago.martinez895@gmail.com;Cl 31 #83-34, Caldas, Medellín;2023-09-01 14:59:00;aprobado;76627741142;approved
9123;Manuela Sánchez;+57 301 527 8730;manuela.sanchez293@outlook.com;Cl 41 #88-5, La América, Medellín;2023-01-07 09:28:00;aprobado;54704569558;approved
9648;Cristian Muñoz;+57 320 143 3629;cristian.muñoz620@yahoo.com;Diagonal 81 #56-17, La América, Medellín;2022-04-18 17:37:00;pendiente;Sin procesar;pending
5576;Sebastián Rodríguez;+57 312 390 8352;sebastian.rodriguez98@gmail.com;Transversal 77 #53-43, Bello, Medellín;2023-08-18 22:18:00;pendiente;Sin procesar;Sin procesar
8466;Salomé Jiménez;+57 305 997 9572;salome.jimenez575@yahoo.com;Diagonal 43 #82-46, Girardota, Medellín;2023-12-15 20:33:00;pendiente;Sin procesar;pending
1171;Laura Gutiérrez;+57 312 978 9124;laura.gutierrez542@hotmail.com;Transversal 117 #58-6, Doce de Octubre, Medellín;2022-01-30 22:21:00;aprobado;39746792491;approved
8571;Alejandro Ruiz;+57 311 811 2303;alejandro.ruiz541@yahoo.com;Diagonal 109 #69-8, Belén, Medellín;2023-05-19 17:31:00;aprobado;56885733867;approved
9386;Sara Álvarez;+57 315 217 7905;sara.alvarez324@hotmail.com;Transversal 111 #55-28, Girardota, Medellín;2023-03-02 11:52:00;pendiente;Sin procesar;pending
8268;Paula Mendoza;+57 313 070 5326;paula.mendoza21@gmail.com;Cra 74 #31-38, Belén, Medellín;2022-01-22 11:54:00;aprobado;90972293785;approved
5164;Daniel Reyes;+57 310 136 0908;daniel.reyes336@gmail.com;Transversal 92 #16-3, Buenos Aires, Medellín;2023-11-03 08:56:00;aprobado;37055445792;approved
5624;María José Suárez;+57 320 873 6627;maria.suarez81@hotmail.com;Av 66 #93-39, San Javier, Medellín;2023-05-18 11:22:00;aprobado;95033820471;approved
8922;Santiago Martínez;+57 310 615 4731;santiago.martinez667@yahoo.com;Diagonal 106 #49-16, Girardota, Medellín;2024-09-25 17:11:00;aprobado;26652536305;approved
698;Sebastián Rodríguez;+57 315 283 7727;sebastian.rodriguez29@hotmail.com;Transversal 77 #54-50, San Javier, Medellín;2024-04-19 08:21:00;aprobado;32741788569;approved
4202;Manuela Sánchez;+57 301 610 1975;manuela.sanchez650@hotmail.com;Av 69 #82-20, Castilla, Medellín;2023-06-28 08:23:00;pendiente;Sin procesar;pending
2218;Sofía Torres;+57 312 304 2763;sofia.torres433@hotmail.com;Transversal 112 #14-17, Manrique, Medellín;2023-07-09 15:07:00;aprobado;55492197713;approved
3328;Ana Lucía Medina;+57 305 398 8187;ana.medina211@outlook.com;Diagonal 84 #96-23, Bello, Medellín;2023-04-01 19:14:00;aprobado;50392891734;approved
2792;Cristian Muñoz;+57 318 319 0577;cristian.muñoz138@gmail.com;Av 98 #36-5, Laureles, Medellín;2022-04-26 19:44:00;pendiente;Sin procesar;Sin procesar
6083;Sebastián Rodríguez;+57 317 381 0979;sebastian.rodriguez317@gmail.com;Cl 19 #97-18, Copacabana, Medellín;2024-11-08 08:37:00;aprobado;91317912150;approved
1281;Alejandro Ruiz;+57 312 422 4043;alejandro.ruiz177@outlook.com;Cra 14 #69-40, El Poblado, Medellín;2022-03-14 11:19:00;pendiente;Sin procesar;Sin procesar
7781;Sebastián Rodríguez;+57 300 286 7202;sebastian.rodriguez798@gmail.com;Cra 77 #43-50, Aranjuez, Medellín;2024-11-03 22:51:00;aprobado;30278437699;approved
8909;Camila López;+57 314 005 7795;camila.lopez31@gmail.com;Cra 64 #32-9, La América, Medellín;2022-01-26 08:51:00;aprobado;92532898511;approved
568;Gabriela Pérez;+57 315 722 1138;gabriela.perez833@outlook.com;Transversal 6 #96-33, La Candelaria, Medellín;2022-04-06 18:24:00;pendiente;Sin procesar;pending
2159;Laura Gutiérrez;+57 302 521 6025;laura.gutierrez186@hotmail.com;Transversal 35 #97-6, Sabaneta, Medellín;2022-02-04 17:17:00;pendiente;Sin procesar;Sin procesar
6158;Diego Cardona;+57 314 032 6551;diego.cardona231@hotmail.com;Diagonal 53 #11-42, Doce de Octubre, Medellín;2023-07-09 19:35:00;aprobado;30088108531;approved
5884;Mariana Ramírez;+57 314 851 6021;mariana.ramirez109@gmail.com;Av 120 #69-38, Belén, Medellín;2022-12-16 20:27:00;rechazado;51674577454;rejected
6777;Felipe Ríos;+57 305 786 8623;felipe.rios475@outlook.com;Cra 117 #2-33, Bello, Medellín;2023-07-06 12:29:00;aprobado;78820990885;approved
9134;Felipe Ríos;+57 301 919 0749;felipe.rios867@hotmail.com;Cra 56 #39-3, El Poblado, Medellín;2024-04-06 17:47:00;pendiente;Sin procesar;Sin procesar
3234;Esteban Ramos;+57 317 534 8486;esteban.ramos277@outlook.com;Cra 65 #21-8, Aranjuez, Medellín;2024-12-16 14:20:00;rechazado;33328945774;rejected
9536;Sofía Torres;+57 315 897 9060;sofia.torres555@yahoo.com;Av 70 #11-36, Castilla, Medellín;2024-09-10 12:24:00;rechazado;14469473809;rejected
9659;Valentina García;+57 313 433 6113;valentina.garcia976@outlook.com;Cra 119 #13-34, Belén, Medellín;2023-10-14 09:42:00;rechazado;47341746538;rejected
5064;Lucía Castro;+57 302 034 0153;lucia.castro332@hotmail.com;Av 53 #53-2, Doce de Octubre, Medellín;2023-10-21 14:36:00;aprobado;88526534431;approved
7077;Natalia Vega;+57 312 201 0824;natalia.vega903@gmail.com;Cl 91 #99-35, Belén, Medellín;2024-11-04 10:58:00;aprobado;42867745168;approved
4735;Manuela Sánchez;+57 300 262 0858;manuela.sanchez909@gmail.com;Diagonal 34 #89-21, Sabaneta, Medellín;2024-08-15 11:50:00;aprobado;66662014868;approved
5644;Tomás Vargas;+57 312 004 1291;tomas.vargas791@hotmail.com;Transversal 90 #43-7, Copacabana, Medellín;2022-08-26 18:26:00;pendiente;Sin procesar;pending
9249;Diego Cardona;+57 300 461 0079;diego.cardona178@hotmail.com;Cra 34 #55-27, Laureles, Medellín;2022-04-21 09:08:00;aprobado;29423438084;approved
4237;Laura Gutiérrez;+57 305 604 2276;laura.gutierrez225@yahoo.com;Diagonal 106 #4-7, Caldas, Medellín;2022-06-30 13:15:00;aprobado;75996256779;approved
3359;Felipe Ríos;+57 316 472 4358;felipe.rios985@outlook.com;Cra 63 #53-35, Itagüí, Medellín;2022-01-12 13:48:00;aprobado;35566712202;approved
985;Laura Gutiérrez;+57 315 350 0618;laura.gutierrez311@outlook.com;Av 19 #17-16, La América, Medellín;2023-07-11 20:13:00;pendiente;Sin procesar;pending
6200;Tomás Vargas;+57 313 212 1564;tomas.vargas620@yahoo.com;Cl 46 #33-37, Itagüí, Medellín;2022-02-05 14:42:00;aprobado;52095102662;approved
1657;Paula Mendoza;+57 315 973 8818;paula.mendoza151@outlook.com;Cl 1 #86-28, Aranjuez, Medellín;2023-09-21 11:21:00;aprobado;82430328808;approved
3056;Sofía Torres;+57 304 016 0498;sofia.torres435@gmail.com;Cl 64 #19-7, Bello, Medellín;2024-02-28 08:03:00;aprobado;14995715549;approved
9090;Sara Álvarez;+57 311 016 2590;sara.alvarez740@yahoo.com;Cra 75 #83-19, Doce de Octubre, Medellín;2024-12-08 13:55:00;aprobado;13956800913;approved
7169;Paula Mendoza;+57 310 358 2107;paula.mendoza945@hotmail.com;Transversal 68 #87-29, Bello, Medellín;2022-08-01 15:08:00;pendiente;Sin procesar;pending
3715;Juan Pablo Gómez;+57 300 768 1024;juan.gomez561@gmail.com;Transversal 47 #46-30, Bello, Medellín;2022-03-06 08:10:00;pendiente;Sin procesar;Sin procesar
2565;Manuela Sánchez;+57 305 319 8392;manuela.sanchez296@yahoo.com;Transversal 9 #29-2, Laureles, Medellín;2023-10-09 22:06:00;aprobado;22066665812;approved
768;Laura Gutiérrez;+57 302 151 6758;laura.gutierrez398@yahoo.com;Diagonal 92 #32-15, Caldas, Medellín;2023-07-11 11:19:00;pendiente;Sin procesar;pending
4525;Valentina García;+57 320 764 2789;valentina.garcia807@outlook.com;Cra 41 #61-16, Copacabana, Medellín;2023-11-22 13:47:00;aprobado;83602063159;approved
7876;Salomé Jiménez;+57 313 370 3175;salome.jimenez315@hotmail.com;Transversal 3 #24-29, Buenos Aires, Medellín;2022-05-30 21:19:00;aprobado;73160405315;approved
8575;Diego Cardona;+57 311 932 0553;diego.cardona266@gmail.com;Av 101 #4-44, Bello, Medellín;2022-10-24 15:12:00;pendiente;Sin procesar;pending
7030;Natalia Vega;+57 305 053 5670;natalia.vega755@outlook.com;Transversal 77 #60-32, La América, Medellín;2023-07-12 12:10:00;aprobado;22242969113;approved
8030;Laura Gutiérrez;+57 311 917 1620;laura.gutierrez799@yahoo.com;Cl 79 #70-24, Envigado, Medellín;2023-08-15 12:53:00;aprobado;85493174799;approved
1697;Samuel Díaz;+57 318 690 3922;samuel.diaz31@hotmail.com;Diagonal 73 #71-1, Envigado, Medellín;2023-06-30 10:43:00;pendiente;Sin procesar;Sin procesar
4582;Alejandro Ruiz;+57 311 931 7294;alejandro.ruiz802@outlook.com;Diagonal 31 #72-1, Copacabana, Medellín;2023-01-04 17:02:00;aprobado;45756016756;approved
9012;Santiago Martínez;+57 310 193 9327;santiago.martinez718@hotmail.com;Diagonal 24 #70-6, Itagüí, Medellín;2022-08-30 21:24:00;pendiente;Sin procesar;Sin procesar
9228;Paula Mendoza;+57 318 602 6676;paula.mendoza662@yahoo.com;Cl 59 #22-36, Buenos Aires, Medellín;2023-12-30 11:37:00;pendiente;Sin procesar;Sin procesar
384;Esteban Ramos;+57 312 088 6406;esteban.ramos767@outlook.com;Av 97 #53-2, Itagüí, Medellín;2022-02-04 16:00:00;aprobado;92342070789;approved
6086;Santiago Martínez;+57 317 439 0448;santiago.martinez587@gmail.com;Transversal 29 #23-11, Guayabal, Medellín;2023-01-30 11:13:00;pendiente;Sin procesar;pending
3158;Esteban Ramos;+57 320 243 6296;esteban.ramos136@gmail.com;Transversal 4 #45-37, Copacabana, Medellín;2023-04-18 09:08:00;pendiente;Sin procesar;Sin procesar
7280;Camila López;+57 317 596 5999;camila.lopez138@gmail.com;Cra 19 #32-32, San Javier, Medellín;2023-10-02 09:30:00;pendiente;Sin procesar;Sin procesar
4168;Manuela Sánchez;+57 315 581 9204;manuela.sanchez791@outlook.com;Diagonal 6 #56-32, San Javier, Medellín;2023-02-11 11:56:00;aprobado;34728504812;approved
5805;Sara Álvarez;+57 301 590 2578;sara.alvarez682@yahoo.com;Diagonal 36 #8-34, La América, Medellín;2024-10-28 20:50:00;aprobado;81877312292;approved
2815;Manuela Sánchez;+57 317 567 2620;manuela.sanchez758@yahoo.com;Diagonal 62 #17-43, Girardota, Medellín;2022-12-11 13:19:00;pendiente;Sin procesar;Sin procesar
6420;Felipe Ríos;+57 302 822 2501;felipe.rios547@hotmail.com;Av 94 #85-41, San Javier, Medellín;2022-12-11 20:56:00;aprobado;33395640906;approved
4128;Juan Pablo Gómez;+57 320 201 2234;juan.gomez90@yahoo.com;Transversal 74 #23-39, Laureles, Medellín;2022-01-28 17:44:00;aprobado;33168853169;approved
3290;Sara Álvarez;+57 313 922 2471;sara.alvarez89@hotmail.com;Diagonal 110 #1-45, El Poblado, Medellín;2024-05-09 08:59:00;pendiente;Sin procesar;Sin procesar
4604;Daniel Reyes;+57 311 160 7626;daniel.reyes289@hotmail.com;Transversal 92 #46-1, Laureles, Medellín;2023-10-29 11:29:00;aprobado;45218238725;approved
2403;Alejandro Ruiz;+57 318 313 3610;alejandro.ruiz659@yahoo.com;Av 92 #12-28, Buenos Aires, Medellín;2022-09-10 11:45:00;pendiente;Sin procesar;Sin procesar
1906;Nicolás Moreno;+57 320 372 7768;nicolas.moreno371@outlook.com;Diagonal 115 #97-3, Castilla, Medellín;2023-03-03 20:16:00;pendiente;Sin procesar;pending
7022;Esteban Ramos;+57 317 175 5188;esteban.ramos452@gmail.com;Cra 107 #64-40, Caldas, Medellín;2023-01-22 10:19:00;rechazado;49379267014;rejected
4380;Juan Pablo Gómez;+57 301 723 4565;juan.gomez816@hotmail.com;Transversal 106 #50-37, Manrique, Medellín;2024-07-07 17:48:00;pendiente;Sin procesar;pending
6058;Nicolás Moreno;+57 316 362 6890;nicolas.moreno288@outlook.com;Cl 26 #67-28, Manrique, Medellín;2022-10-05 18:00:00;rechazado;55507841905;rejected
5128;Samuel Díaz;+57 312 421 6435;samuel.diaz799@gmail.com;Cra 75 #29-31, Copacabana, Medellín;2022-09-06 12:43:00;aprobado;48869071569;approved
1538;Daniel Reyes;+57 305 378 8443;daniel.reyes469@gmail.com;Diagonal 94 #49-6, Copacabana, Medellín;2024-07-13 21:41:00;aprobado;69607575930;approved
2153;Mariana Ramírez;+57 315 636 8154;mariana.ramirez904@gmail.com;Transversal 48 #67-48, Caldas, Medellín;2022-10-03 08:09:00;rechazado;34463180043;rejected
3462;Cristian Muñoz;+57 300 677 3067;cristian.muñoz718@gmail.com;Transversal 120 #18-12, Itagüí, Medellín;2024-11-05 14:56:00;aprobado;91223091007;approved
8253;Andrés Herrera;+57 317 760 5504;andres.herrera585@hotmail.com;Cl 107 #16-45, Doce de Octubre, Medellín;2022-01-05 12:41:00;aprobado;21874907422;approved
7255;Juan Pablo Gómez;+57 300 663 2016;juan.gomez782@hotmail.com;Transversal 120 #87-1, La Candelaria, Medellín;2023-01-28 20:37:00;rechazado;21234387554;rejected
2618;Andrés Herrera;+57 312 182 6533;andres.herrera475@gmail.com;Diagonal 95 #1-35, Castilla, Medellín;2023-09-23 17:16:00;rechazado;89049840039;rejected
9689;Tomás Vargas;+57 313 313 5490;tomas.vargas116@yahoo.com;Av 100 #73-40, Castilla, Medellín;2024-07-09 08:24:00;pendiente;Sin procesar;pending
3111;Esteban Ramos;+57 300 549 8243;esteban.ramos575@yahoo.com;Cl 104 #7-45, Sabaneta, Medellín;2022-04-06 15:46:00;aprobado;76203851186;approved
2558;Daniel Reyes;+57 311 407 0308;daniel.reyes645@gmail.com;Transversal 82 #9-30, Itagüí, Medellín;2024-04-03 10:33:00;pendiente;Sin procesar;Sin procesar
4850;Juan Pablo Gómez;+57 318 485 0072;juan.gomez529@yahoo.com;Transversal 24 #83-42, Doce de Octubre, Medellín;2023-07-19 09:04:00;pendiente;Sin procesar;pending
9828;Alejandro Ruiz;+57 320 612 7662;alejandro.ruiz16@gmail.com;Transversal 18 #3-16, Caldas, Medellín;2022-09-03 15:03:00;rechazado;37579184291;rejected
4413;Andrés Herrera;+57 304 596 2458;andres.herrera697@outlook.com;Cra 11 #23-1, Buenos Aires, Medellín;2022-10-20 12:10:00;rechazado;66757776460;rejected
6152;Isabella Hernández;+57 310 240 5536;isabella.hernandez262@gmail.com;Transversal 105 #57-24, Manrique, Medellín;2022-03-02 11:55:00;rechazado;85204966675;rejected
9339;Isabella Hernández;+57 312 738 5466;isabella.hernandez156@hotmail.com;Cl 30 #55-3, San Javier, Medellín;2024-05-04 20:29:00;pendiente;Sin procesar;Sin procesar
5086;Sara Álvarez;+57 314 722 0429;sara.alvarez538@outlook.com;Cl 22 #53-37, Caldas, Medellín;2022-09-21 08:24:00;pendiente;Sin procesar;Sin procesar
9326;Camila López;+57 314 623 5699;camila.lopez931@hotmail.com;Transversal 118 #95-39, Copacabana, Medellín;2023-05-23 11:20:00;rechazado;84731646026;rejected
3069;Manuela Sánchez;+57 310 604 1348;manuela.sanchez177@gmail.com;Transversal 111 #33-39, Aranjuez, Medellín;2022-07-15 13:12:00;aprobado;21164727027;approved
481;Isabella Hernández;+57 300 144 0762;isabella.hernandez861@gmail.com;Av 95 #84-43, Aranjuez, Medellín;2022-11-03 21:18:00;rechazado;49589836698;rejected
9420;Sebastián Rodríguez;+57 312 528 7209;sebastian.rodriguez628@outlook.com;Av 107 #86-25, Buenos Aires, Medellín;2022-11-24 19:50:00;pendiente;Sin procesar;Sin procesar
2480;Cristian Muñoz;+57 300 823 5309;cristian.muñoz955@outlook.com;Diagonal 55 #78-7, Caldas, Medellín;2023-06-19 16:57:00;pendiente;Sin procesar;pending
8933;Cristian Muñoz;+57 320 056 8201;cristian.muñoz486@yahoo.com;Cl 81 #1-29, Caldas, Medellín;2024-04-16 14:06:00;rechazado;55405839979;rejected
4758;Daniel Reyes;+57 318 043 4741;daniel.reyes728@hotmail.com;Av 29 #10-43, Robledo, Medellín;2024-09-14 18:39:00;pendiente;Sin procesar;Sin procesar
8125;Sebastián Rodríguez;+57 304 217 5036;sebastian.rodriguez89@hotmail.com;Cra 19 #89-22, Caldas, Medellín;2022-05-26 17:12:00;pendiente;Sin procesar;pending
3013;Sofía Torres;+57 317 444 7489;sofia.torres1@yahoo.com;Diagonal 56 #4-29, Copacabana, Medellín;2024-05-01 21:08:00;aprobado;78019142319;approved
9967;Alejandro Ruiz;+57 301 708 5173;alejandro.ruiz985@hotmail.com;Transversal 76 #45-6, Manrique, Medellín;2023-12-22 14:12:00;aprobado;91763461642;approved
8338;Laura Gutiérrez;+57 300 558 1157;laura.gutierrez267@yahoo.com;Transversal 51 #86-24, Aranjuez, Medellín;2022-08-28 22:25:00;pendiente;Sin procesar;Sin procesar
654;Sara Álvarez;+57 304 858 8640;sara.alvarez676@outlook.com;Transversal 70 #2-10, San Javier, Medellín;2023-10-21 10:38:00;aprobado;65410642259;approved
3386;Tomás Vargas;+57 318 335 6230;tomas.vargas955@hotmail.com;Transversal 60 #39-17, Laureles, Medellín;2024-10-27 22:32:00;aprobado;69444201115;approved
9915;Daniel Reyes;+57 313 709 2019;daniel.reyes717@gmail.com;Transversal 108 #93-45, Buenos Aires, Medellín;2023-04-01 09:05:00;pendiente;Sin procesar;pending
7707;Valentina García;+57 315 077 4544;valentina.garcia492@gmail.com;Transversal 87 #87-50, Sabaneta, Medellín;2023-07-02 09:28:00;aprobado;62782036172;approved
5554;Felipe Ríos;+57 316 394 6766;felipe.rios136@outlook.com;Cl 32 #42-45, Girardota, Medellín;2024-02-09 22:00:00;pendiente;Sin procesar;pending
8760;Valentina García;+57 305 025 7870;valentina.garcia222@outlook.com;Transversal 52 #7-22, El Poblado, Medellín;2024-03-16 11:02:00;pendiente;Sin procesar;Sin procesar
8078;Julián Ortiz;+57 320 454 4920;julian.ortiz327@yahoo.com;Transversal 78 #37-45, Buenos Aires, Medellín;2023-06-11 11:32:00;rechazado;83548547805;rejected
198;Santiago Martínez;+57 304 616 2486;santiago.martinez32@outlook.com;Cra 38 #58-41, Sabaneta, Medellín;2024-05-13 22:58:00;aprobado;27248740859;approved
5997;Sofía Torres;+57 313 501 5301;sofia.torres452@hotmail.com;Cra 55 #64-7, La América, Medellín;2024-05-16 08:22:00;aprobado;16752039105;approved
1230;Nicolás Moreno;+57 304 395 4794;nicolas.moreno58@outlook.com;Av 94 #96-24, Robledo, Medellín;2022-07-18 18:51:00;pendiente;Sin procesar;Sin procesar
2018;Sara Álvarez;+57 314 189 8664;sara.alvarez868@outlook.com;Transversal 28 #55-22, San Javier, Medellín;2022-09-10 16:15:00;pendiente;Sin procesar;Sin procesar
9168;María José Suárez;+57 312 680 5702;maria.suarez994@hotmail.com;Diagonal 109 #61-47, Belén, Medellín;2023-06-28 11:54:00;aprobado;99359847025;approved
9888;Sebastián Rodríguez;+57 310 673 3329;sebastian.rodriguez716@outlook.com;Cl 101 #88-9, Robledo, Medellín;2024-09-04 12:16:00;aprobado;53522498769;approved
7540;Samuel Díaz;+57 311 992 4277;samuel.diaz941@hotmail.com;Transversal 120 #91-11, Aranjuez, Medellín;2024-12-31 21:21:00;aprobado;27380590615;approved
5261;Valentina García;+57 318 154 5260;valentina.garcia937@outlook.com;Av 56 #73-45, Caldas, Medellín;2022-05-23 11:35:00;aprobado;10533937899;approved
4659;Valentina García;+57 304 322 6227;valentina.garcia461@outlook.com;Diagonal 28 #27-5, Castilla, Medellín;2024-02-11 19:02:00;aprobado;12053606263;approved
7117;Isabella Hernández;+57 312 582 6762;isabella.hernandez381@gmail.com;Diagonal 107 #21-1, El Poblado, Medellín;2023-05-17 19:25:00;rechazado;82176282258;rejected
6612;Andrés Herrera;+57 320 461 4974;andres.herrera323@outlook.com;Transversal 27 #14-34, Robledo, Medellín;2024-09-19 19:36:00;rechazado;44692112160;rejected
564;Esteban Ramos;+57 314 955 0493;esteban.ramos147@outlook.com;Diagonal 38 #28-9, Sabaneta, Medellín;2023-01-04 17:16:00;rechazado;27615504605;rejected
8744;Sebastián Rodríguez;+57 317 115 9485;sebastian.rodriguez234@yahoo.com;Cra 1 #90-5, Itagüí, Medellín;2024-07-11 14:47:00;pendiente;Sin procesar;pending
8701;Cristian Muñoz;+57 316 474 2256;cristian.muñoz733@outlook.com;Transversal 90 #63-5, Bello, Medellín;2024-10-23 16:09:00;pendiente;Sin procesar;pending
7915;Gabriela Pérez;+57 300 584 1680;gabriela.perez394@gmail.com;Cl 90 #93-17, Girardota, Medellín;2024-01-28 14:19:00;aprobado;94073788966;approved
6413;Juan Pablo Gómez;+57 300 586 7949;juan.gomez794@outlook.com;Cl 114 #87-35, Aranjuez, Medellín;2022-08-01 21:39:00;rechazado;36431938678;rejected
5874;Salomé Jiménez;+57 320 751 2476;salome.jimenez282@gmail.com;Cra 7 #50-34, Doce de Octubre, Medellín;2023-11-23 16:50:00;aprobado;82191342012;approved
5856;Julián Ortiz;+57 301 665 4512;julian.ortiz180@yahoo.com;Av 34 #9-50, Bello, Medellín;2024-08-25 22:18:00;pendiente;Sin procesar;pending
8672;Diego Cardona;+57 311 860 8357;diego.cardona889@gmail.com;Cra 58 #3-16, Castilla, Medellín;2023-02-02 08:56:00;aprobado;28329980534;approved
996;Cristian Muñoz;+57 302 050 8983;cristian.muñoz32@yahoo.com;Cra 28 #35-43, Girardota, Medellín;2022-01-25 17:49:00;pendiente;Sin procesar;pending
9435;Laura Gutiérrez;+57 320 724 5284;laura.gutierrez113@hotmail.com;Av 50 #79-18, Bello, Medellín;2022-01-27 12:20:00;aprobado;37762834784;approved
8064;Nicolás Moreno;+57 305 809 5739;nicolas.moreno258@gmail.com;Av 75 #81-49, Copacabana, Medellín;2022-03-04 10:42:00;aprobado;31479516974;approved
726;María José Suárez;+57 317 315 8925;maria.suarez534@yahoo.com;Transversal 108 #3-30, Robledo, Medellín;2023-10-02 10:02:00;aprobado;87723313207;approved
4681;Felipe Ríos;+57 313 675 9514;felipe.rios69@outlook.com;Av 117 #88-34, Itagüí, Medellín;2023-02-17 08:32:00;aprobado;95208281657;approved
6496;Lucía Castro;+57 316 841 9623;lucia.castro663@hotmail.com;Cl 115 #55-2, Guayabal, Medellín;2024-02-11 19:39:00;aprobado;70841417292;approved
8460;Alejandro Ruiz;+57 304 173 0662;alejandro.ruiz864@hotmail.com;Cra 48 #12-34, Belén, Medellín;2024-08-17 16:32:00;aprobado;88769209455;approved
8924;Camila López;+57 313 907 3781;camila.lopez362@gmail.com;Av 64 #78-4, Copacabana, Medellín;2023-12-09 13:32:00;rechazado;62259651374;rejected
9020;Laura Gutiérrez;+57 313 763 8020;laura.gutierrez702@outlook.com;Diagonal 11 #20-16, Girardota, Medellín;2024-03-28 18:06:00;aprobado;94472987654;approved
2162;Julián Ortiz;+57 304 729 8268;julian.ortiz622@hotmail.com;Cl 36 #91-33, Castilla, Medellín;2023-09-15 17:57:00;pendiente;Sin procesar;pending
843;Camila López;+57 315 123 5036;camila.lopez549@outlook.com;Cra 42 #81-49, San Javier, Medellín;2024-12-29 17:04:00;aprobado;98402364048;approved
7314;Gabriela Pérez;+57 313 023 4456;gabriela.perez525@yahoo.com;Av 53 #61-37, Buenos Aires, Medellín;2022-02-20 22:48:00;rechazado;69512032272;rejected
8808;Juan Pablo Gómez;+57 304 966 0734;juan.gomez299@outlook.com;Diagonal 91 #33-25, Itagüí, Medellín;2022-09-08 13:47:00;aprobado;50994472218;approved
4387;Paula Mendoza;+57 316 916 1705;paula.mendoza14@hotmail.com;Cl 10 #66-43, Envigado, Medellín;2024-08-04 17:35:00;pendiente;Sin procesar;Sin procesar
470;Samuel Díaz;+57 317 265 0996;samuel.diaz725@hotmail.com;Cra 72 #25-27, San Javier, Medellín;2024-07-15 15:07:00;rechazado;70086367772;rejected
5867;Juan Pablo Gómez;+57 314 017 7915;juan.gomez154@yahoo.com;Av 105 #52-8, Manrique, Medellín;2023-08-25 08:39:00;pendiente;Sin procesar;pending
7503;Samuel Díaz;+57 305 656 4260;samuel.diaz113@outlook.com;Cl 63 #97-9, San Javier, Medellín;2023-03-23 09:36:00;aprobado;64300609490;approved
9547;Natalia Vega;+57 317 227 7641;natalia.vega306@gmail.com;Cra 28 #71-21, Laureles, Medellín;2023-01-02 19:51:00;aprobado;20064289786;approved
4442;Felipe Ríos;+57 317 448 6722;felipe.rios547@hotmail.com;Transversal 1 #39-31, Aranjuez, Medellín;2023-04-24 09:16:00;aprobado;62724989886;approved
8120;Sara Álvarez;+57 315 661 8308;sara.alvarez824@yahoo.com;Transversal 7 #8-7, Copacabana, Medellín;2024-09-10 11:05:00;aprobado;88194734765;approved
4099;Camila López;+57 304 678 6210;camila.lopez498@gmail.com;Transversal 59 #13-3, Caldas, Medellín;2024-04-10 18:33:00;aprobado;50472527756;approved
867;Isabella Hernández;+57 311 802 6933;isabella.hernandez947@gmail.com;Av 34 #23-46, Robledo, Medellín;2022-01-26 14:02:00;aprobado;36563024908;approved
5493;Santiago Martínez;+57 315 505 2241;santiago.martinez99@yahoo.com;Cl 4 #52-27, La Candelaria, Medellín;2022-03-17 09:20:00;pendiente;Sin procesar;Sin procesar
313;Lucía Castro;+57 301 663 3822;lucia.castro139@hotmail.com;Av 5 #5-21, Aranjuez, Medellín;2022-09-25 10:42:00;aprobado;57447326377;approved
9793;Diego Cardona;+57 305 564 5234;diego.cardona191@outlook.com;Av 99 #39-40, Doce de Octubre, Medellín;2024-05-26 20:00:00;pendiente;Sin procesar;Sin procesar
4385;Sara Álvarez;+57 302 095 3677;sara.alvarez641@hotmail.com;Av 85 #74-36, Guayabal, Medellín;2022-12-30 17:30:00;aprobado;63069523777;approved
2910;Laura Gutiérrez;+57 311 655 9147;laura.gutierrez783@outlook.com;Cl 48 #32-41, Bello, Medellín;2022-05-05 17:58:00;aprobado;50443512788;approved
6054;Sebastián Rodríguez;+57 304 369 5247;sebastian.rodriguez797@yahoo.com;Diagonal 56 #93-21, Aranjuez, Medellín;2023-11-24 11:35:00;pendiente;Sin procesar;pending
9035;Ana Lucía Medina;+57 320 532 4367;ana.medina946@hotmail.com;Av 14 #44-31, Belén, Medellín;2022-11-17 18:29:00;aprobado;39853897307;approved
8952;Samuel Díaz;+57 317 161 5381;samuel.diaz104@outlook.com;Transversal 84 #26-45, Doce de Octubre, Medellín;2022-01-07 08:15:00;aprobado;75318804325;approved
2721;Isabella Hernández;+57 317 014 8967;isabella.hernandez982@gmail.com;Transversal 115 #18-25, Manrique, Medellín;2023-02-03 09:08:00;aprobado;52859675078;approved
4880;Salomé Jiménez;+57 317 762 5429;salome.jimenez852@hotmail.com;Diagonal 108 #90-19, Guayabal, Medellín;2024-04-10 11:58:00;aprobado;25452639161;approved
9645;Gabriela Pérez;+57 315 403 6948;gabriela.perez867@gmail.com;Cra 24 #83-27, San Javier, Medellín;2023-08-22 17:29:00;pendiente;Sin procesar;Sin procesar
541;Cristian Muñoz;+57 316 199 0342;cristian.muñoz125@hotmail.com;Av 65 #96-22, Buenos Aires, Medellín;2023-06-19 22:09:00;pendiente;Sin procesar;pending
7833;Lucía Castro;+57 314 179 1386;lucia.castro61@gmail.com;Av 101 #62-7, Belén, Medellín;2024-10-11 09:13:00;pendiente;Sin procesar;pending
266;Sara Álvarez;+57 302 470 2881;sara.alvarez297@gmail.com;Cra 17 #69-30, Buenos Aires, Medellín;2023-12-10 10:58:00;aprobado;95596276433;approved
8358;Sofía Torres;+57 310 764 6391;sofia.torres245@gmail.com;Cra 118 #82-32, Buenos Aires, Medellín;2022-08-16 18:24:00;rechazado;90670040284;rejected
1950;Tomás Vargas;+57 310 401 3153;tomas.vargas340@gmail.com;Diagonal 77 #85-28, Itagüí, Medellín;2024-03-06 09:26:00;pendiente;Sin procesar;Sin procesar
8141;Lucía Castro;+57 316 410 2547;lucia.castro738@gmail.com;Diagonal 75 #70-39, Caldas, Medellín;2023-07-20 16:33:00;pendiente;Sin procesar;Sin procesar
9796;Salomé Jiménez;+57 304 005 1956;salome.jimenez463@yahoo.com;Diagonal 27 #47-24, Bello, Medellín;2023-08-30 22:09:00;aprobado;97824585773;approved
6623;Felipe Ríos;+57 302 565 0460;felipe.rios488@gmail.com;Cra 11 #38-42, Manrique, Medellín;2022-08-16 21:14:00;pendiente;Sin procesar;Sin procesar
2950;Manuela Sánchez;+57 305 087 1006;manuela.sanchez419@gmail.com;Av 103 #98-7, La Candelaria, Medellín;2022-05-10 16:09:00;aprobado;67860564122;approved
1995;Mateo González;+57 310 223 2822;mateo.gonzalez180@hotmail.com;Av 2 #69-18, La Candelaria, Medellín;2023-11-01 21:09:00;pendiente;Sin procesar;Sin procesar
22;Esteban Ramos;+57 305 108 4791;esteban.ramos234@yahoo.com;Cra 91 #15-16, Guayabal, Medellín;2022-03-02 21:54:00;aprobado;53783927058;approved
2699;Ana Lucía Medina;+57 317 892 0641;ana.medina655@yahoo.com;Diagonal 72 #6-39, Doce de Octubre, Medellín;2024-12-09 11:01:00;rechazado;86994307784;rejected
9022;Tomás Vargas;+57 300 218 8930;tomas.vargas395@hotmail.com;Av 64 #72-42, Laureles, Medellín;2023-11-04 15:35:00;aprobado;30047337060;approved
7285;Sebastián Rodríguez;+57 305 369 9055;sebastian.rodriguez566@yahoo.com;Av 118 #64-24, Girardota, Medellín;2023-09-19 19:49:00;pendiente;Sin procesar;Sin procesar
6867;Mateo González;+57 314 690 4528;mateo.gonzalez623@outlook.com;Cra 49 #9-47, El Poblado, Medellín;2024-06-03 13:26:00;aprobado;41098109023;approved
709;Gabriela Pérez;+57 301 652 7613;gabriela.perez429@gmail.com;Av 76 #71-4, Sabaneta, Medellín;2024-03-01 11:40:00;aprobado;46558883019;approved
2634;Sofía Torres;+57 315 964 4477;sofia.torres881@hotmail.com;Av 103 #2-35, Buenos Aires, Medellín;2023-01-13 11:47:00;aprobado;48229306894;approved
523;Mateo González;+57 305 172 4155;mateo.gonzalez253@outlook.com;Transversal 14 #42-35, La América, Medellín;2023-08-10 15:18:00;pendiente;Sin procesar;Sin procesar
6207;Mateo González;+57 300 242 5703;mateo.gonzalez782@hotmail.com;Cl 85 #19-40, La América, Medellín;2023-08-20 13:11:00;aprobado;22233456165;approved
2283;Lucía Castro;+57 313 630 4029;lucia.castro446@outlook.com;Cl 116 #89-40, Caldas, Medellín;2022-05-07 15:10:00;aprobado;50739366590;approved
434;Mateo González;+57 305 167 8215;mateo.gonzalez701@hotmail.com;Transversal 23 #52-25, Caldas, Medellín;2023-06-03 15:54:00;aprobado;41766501904;approved
3530;Isabella Hernández;+57 301 392 8048;isabella.hernandez799@yahoo.com;Cra 24 #20-3, Castilla, Medellín;2022-07-15 18:37:00;aprobado;87765721147;approved
3698;Samuel Díaz;+57 312 971 9000;samuel.diaz662@gmail.com;Cl 91 #75-42, La América, Medellín;2024-05-31 09:24:00;aprobado;63002095609;approved
8065;María José Suárez;+57 301 855 9407;maria.suarez594@hotmail.com;Cl 1 #37-50, Guayabal, Medellín;2023-03-21 10:47:00;aprobado;97553212219;approved
8757;Paula Mendoza;+57 317 145 6474;paula.mendoza858@hotmail.com;Diagonal 2 #95-8, Caldas, Medellín;2023-08-29 20:22:00;aprobado;94514988455;approved
7396;María José Suárez;+57 312 666 5052;maria.suarez675@outlook.com;Diagonal 9 #17-2, Girardota, Medellín;2022-11-24 16:05:00;rechazado;85062241860;rejected
9598;Andrés Herrera;+57 302 126 8485;andres.herrera425@hotmail.com;Diagonal 11 #11-19, Sabaneta, Medellín;2023-01-10 11:01:00;aprobado;43270782287;approved
4025;Gabriela Pérez;+57 314 892 3132;gabriela.perez266@outlook.com;Av 77 #85-41, Bello, Medellín;2024-02-18 14:39:00;aprobado;87156689841;approved
9073;María José Suárez;+57 304 765 9153;maria.suarez942@hotmail.com;Cra 13 #13-50, Manrique, Medellín;2022-03-04 21:24:00;pendiente;Sin procesar;pending
7063;María José Suárez;+57 312 351 2724;maria.suarez324@yahoo.com;Cl 104 #32-32, Guayabal, Medellín;2024-03-14 13:59:00;aprobado;77059880147;approved
4809;Alejandro Ruiz;+57 314 622 4945;alejandro.ruiz851@gmail.com;Cra 40 #53-41, Sabaneta, Medellín;2023-10-07 08:26:00;pendiente;Sin procesar;Sin procesar
1800;Lucía Castro;+57 302 062 7672;lucia.castro612@hotmail.com;Av 90 #3-40, Doce de Octubre, Medellín;2023-03-18 12:43:00;aprobado;30901341288;approved
851;Sebastián Rodríguez;+57 312 033 9821;sebastian.rodriguez300@outlook.com;Transversal 88 #19-50, Aranjuez, Medellín;2023-01-31 15:41:00;rechazado;17273164281;rejected
5189;Cristian Muñoz;+57 301 676 7063;cristian.muñoz417@hotmail.com;Cl 109 #67-28, Robledo, Medellín;2022-01-09 09:04:00;aprobado;30725112667;approved
8487;Valentina García;+57 305 842 6483;valentina.garcia210@hotmail.com;Diagonal 109 #58-44, Girardota, Medellín;2024-02-20 08:50:00;aprobado;85983717436;approved
1406;Esteban Ramos;+57 316 360 5494;esteban.ramos913@outlook.com;Transversal 18 #4-36, Guayabal, Medellín;2024-08-05 12:36:00;aprobado;27986452096;approved
1534;Mariana Ramírez;+57 320 935 0011;mariana.ramirez921@yahoo.com;Av 51 #15-31, Guayabal, Medellín;2024-12-22 19:44:00;aprobado;35979344790;approved
586;Manuela Sánchez;+57 305 410 4043;manuela.sanchez66@yahoo.com;Diagonal 50 #66-22, Belén, Medellín;2023-03-14 21:21:00;aprobado;98143211567;approved
592;Laura Gutiérrez;+57 301 902 7169;laura.gutierrez540@hotmail.com;Diagonal 90 #14-28, Belén, Medellín;2022-07-08 13:33:00;aprobado;82150438970;approved
7701;Alejandro Ruiz;+57 318 675 9833;alejandro.ruiz164@outlook.com;Cra 61 #6-47, La América, Medellín;2022-02-27 13:34:00;pendiente;Sin procesar;Sin procesar
1098;Sofía Torres;+57 314 565 7285;sofia.torres253@yahoo.com;Cl 32 #75-42, Girardota, Medellín;2024-11-08 10:18:00;pendiente;Sin procesar;Sin procesar
7570;Diego Cardona;+57 302 766 9834;diego.cardona325@gmail.com;Av 104 #95-46, El Poblado, Medellín;2022-12-04 13:08:00;aprobado;52706525452;approved
8919;Alejandro Ruiz;+57 312 308 9720;alejandro.ruiz655@outlook.com;Cl 72 #92-11, La Candelaria, Medellín;2024-08-31 15:29:00;pendiente;Sin procesar;pending
5228;Natalia Vega;+57 302 786 3090;natalia.vega9@outlook.com;Cra 19 #10-4, Sabaneta, Medellín;2023-07-25 10:12:00;aprobado;51554391352;approved
850;Daniel Reyes;+57 310 777 1961;daniel.reyes695@outlook.com;Cra 49 #47-46, Caldas, Medellín;2024-08-06 13:49:00;pendiente;Sin procesar;Sin procesar
9950;Ana Lucía Medina;+57 314 683 3440;ana.medina18@yahoo.com;Cl 21 #37-9, San Javier, Medellín;2024-01-17 11:49:00;aprobado;38450477540;approved
9494;María José Suárez;+57 301 439 0705;maria.suarez710@yahoo.com;Diagonal 86 #32-27, El Poblado, Medellín;2022-08-22 13:31:00;pendiente;Sin procesar;pending
3331;Esteban Ramos;+57 304 548 8357;esteban.ramos916@gmail.com;Transversal 24 #14-19, Girardota, Medellín;2024-05-04 15:36:00;aprobado;47873889639;approved
8280;Salomé Jiménez;+57 320 664 3203;salome.jimenez94@outlook.com;Cl 105 #85-27, Castilla, Medellín;2024-01-18 10:49:00;pendiente;Sin procesar;Sin procesar
9704;Salomé Jiménez;+57 320 272 4000;salome.jimenez706@hotmail.com;Cra 70 #51-43, El Poblado, Medellín;2022-06-26 12:42:00;aprobado;13392640827;approved
9833;Camila López;+57 317 290 9304;camila.lopez724@hotmail.com;Diagonal 54 #55-6, Aranjuez, Medellín;2024-05-05 14:10:00;aprobado;22072184563;approved
7031;Isabella Hernández;+57 313 159 4747;isabella.hernandez868@gmail.com;Av 117 #92-15, Belén, Medellín;2022-06-30 08:22:00;rechazado;43250270399;rejected
3323;Valentina García;+57 314 798 4218;valentina.garcia599@gmail.com;Av 18 #86-28, Caldas, Medellín;2023-04-22 15:26:00;rechazado;12781587565;rejected
7960;Ana Lucía Medina;+57 311 718 7762;ana.medina674@hotmail.com;Diagonal 119 #31-28, Copacabana, Medellín;2024-12-13 22:42:00;aprobado;18695482534;approved
2646;Felipe Ríos;+57 312 629 2266;felipe.rios446@outlook.com;Transversal 107 #89-33, Laureles, Medellín;2023-03-02 15:41:00;aprobado;56458759446;approved
9867;Mateo González;+57 315 890 7499;mateo.gonzalez248@yahoo.com;Transversal 69 #14-9, La América, Medellín;2023-01-12 17:30:00;pendiente;Sin procesar;Sin procesar
8127;Isabella Hernández;+57 311 408 3858;isabella.hernandez26@yahoo.com;Cra 119 #10-46, Buenos Aires, Medellín;2022-09-13 20:28:00;aprobado;64892724814;approved
9367;Lucía Castro;+57 301 295 6518;lucia.castro546@outlook.com;Cra 83 #15-20, Bello, Medellín;2024-05-27 08:03:00;aprobado;17618704279;approved
4420;Valentina García;+57 314 287 8757;valentina.garcia51@hotmail.com;Cra 100 #19-38, Robledo, Medellín;2022-02-06 09:06:00;aprobado;97359185552;approved
6021;Salomé Jiménez;+57 320 674 0687;salome.jimenez808@hotmail.com;Av 83 #39-17, Guayabal, Medellín;2023-03-25 12:21:00;rechazado;62745150756;rejected
8790;Paula Mendoza;+57 315 658 3483;paula.mendoza806@yahoo.com;Transversal 95 #30-43, Guayabal, Medellín;2024-05-28 18:10:00;aprobado;77998459094;approved
4911;Sofía Torres;+57 313 532 0775;sofia.torres538@outlook.com;Cra 119 #66-39, Buenos Aires, Medellín;2023-05-15 10:49:00;aprobado;85634734944;approved
4928;Sofía Torres;+57 304 695 8050;sofia.torres782@yahoo.com;Av 103 #8-24, El Poblado, Medellín;2022-12-25 16:17:00;aprobado;33465472584;approved
5490;Cristian Muñoz;+57 313 515 0204;cristian.muñoz352@gmail.com;Cl 72 #13-20, Robledo, Medellín;2023-05-12 11:56:00;pendiente;Sin procesar;pending
3810;Cristian Muñoz;+57 318 379 5311;cristian.muñoz115@hotmail.com;Cl 85 #46-37, Laureles, Medellín;2023-07-17 21:10:00;aprobado;33012304738;approved
9034;Natalia Vega;+57 311 625 1085;natalia.vega508@hotmail.com;Transversal 25 #71-46, Guayabal, Medellín;2023-12-15 12:21:00;aprobado;97014079194;approved
5092;Alejandro Ruiz;+57 310 059 9822;alejandro.ruiz937@outlook.com;Diagonal 30 #87-7, Itagüí, Medellín;2023-03-17 12:50:00;aprobado;81107708052;approved
1482;Santiago Martínez;+57 315 420 2593;santiago.martinez411@yahoo.com;Av 6 #87-10, Copacabana, Medellín;2022-12-26 20:46:00;aprobado;40524620219;approved
6080;Mariana Ramírez;+57 312 672 9911;mariana.ramirez736@yahoo.com;Av 76 #4-48, Buenos Aires, Medellín;2023-06-14 11:57:00;pendiente;Sin procesar;pending
5207;Julián Ortiz;+57 300 020 2683;julian.ortiz574@outlook.com;Transversal 79 #5-14, Buenos Aires, Medellín;2023-12-11 22:03:00;pendiente;Sin procesar;Sin procesar
774;Manuela Sánchez;+57 304 040 9346;manuela.sanchez702@outlook.com;Av 39 #81-5, Copacabana, Medellín;2022-10-27 11:50:00;aprobado;81046075703;approved
9003;Sebastián Rodríguez;+57 315 272 1051;sebastian.rodriguez250@hotmail.com;Av 49 #8-7, Copacabana, Medellín;2023-09-28 10:09:00;pendiente;Sin procesar;pending
5926;Samuel Díaz;+57 317 320 8316;samuel.diaz536@gmail.com;Diagonal 29 #54-1, Aranjuez, Medellín;2022-06-26 18:44:00;aprobado;44318322682;approved
452;Alejandro Ruiz;+57 317 895 1237;alejandro.ruiz7@yahoo.com;Cra 98 #15-50, Girardota, Medellín;2022-06-14 17:16:00;pendiente;Sin procesar;Sin procesar
7744;Mariana Ramírez;+57 302 965 5619;mariana.ramirez191@outlook.com;Diagonal 64 #11-16, Doce de Octubre, Medellín;2024-02-07 19:43:00;rechazado;81621713455;rejected
4694;Julián Ortiz;+57 318 022 3461;julian.ortiz310@yahoo.com;Diagonal 114 #49-12, La Candelaria, Medellín;2024-05-18 11:46:00;rechazado;48658349836;rejected
6818;Andrés Herrera;+57 317 142 1524;andres.herrera524@hotmail.com;Cra 77 #51-35, Castilla, Medellín;2023-01-03 22:59:00;pendiente;Sin procesar;Sin procesar
5132;Daniel Reyes;+57 311 896 9870;daniel.reyes222@outlook.com;Transversal 72 #30-1, Laureles, Medellín;2023-07-24 16:14:00;pendiente;Sin procesar;pending
1291;Salomé Jiménez;+57 317 592 2912;salome.jimenez495@gmail.com;Diagonal 43 #77-15, Manrique, Medellín;2022-05-12 08:58:00;aprobado;61753838693;approved
7344;Julián Ortiz;+57 313 984 9749;julian.ortiz630@outlook.com;Transversal 77 #8-21, Itagüí, Medellín;2022-04-10 09:31:00;aprobado;44833811919;approved
6841;Juan Pablo Gómez;+57 310 818 9810;juan.gomez444@gmail.com;Diagonal 28 #81-44, La América, Medellín;2024-12-04 21:15:00;rechazado;70100136329;rejected
7553;Sofía Torres;+57 310 572 6169;sofia.torres313@outlook.com;Cl 63 #72-33, Belén, Medellín;2022-07-01 17:53:00;aprobado;98433279686;approved
5398;Camila López;+57 305 900 4903;camila.lopez488@hotmail.com;Transversal 46 #96-19, Guayabal, Medellín;2024-11-22 20:21:00;aprobado;43790976327;approved
2027;Andrés Herrera;+57 302 743 9225;andres.herrera796@yahoo.com;Cra 57 #35-5, Caldas, Medellín;2023-01-13 13:35:00;aprobado;47930885625;approved
864;Sebastián Rodríguez;+57 314 307 9685;sebastian.rodriguez794@gmail.com;Transversal 55 #90-43, Buenos Aires, Medellín;2024-01-13 22:50:00;aprobado;96481792270;approved
5056;Mateo González;+57 320 018 1444;mateo.gonzalez173@yahoo.com;Transversal 112 #35-10, Laureles, Medellín;2022-11-19 19:17:00;aprobado;60482778056;approved
6740;Valentina García;+57 310 118 6156;valentina.garcia281@gmail.com;Transversal 103 #74-19, Envigado, Medellín;2023-09-25 15:22:00;aprobado;85681606554;approved
7659;Esteban Ramos;+57 300 542 4519;esteban.ramos58@hotmail.com;Diagonal 111 #10-43, Belén, Medellín;2022-02-25 18:12:00;aprobado;54596066460;approved
9727;Esteban Ramos;+57 302 023 7666;esteban.ramos598@outlook.com;Transversal 23 #22-37, Guayabal, Medellín;2023-04-24 11:34:00;pendiente;Sin procesar;pending
8877;Sara Álvarez;+57 317 390 9342;sara.alvarez288@hotmail.com;Av 1 #49-28, Itagüí, Medellín;2024-11-15 19:12:00;pendiente;Sin procesar;Sin procesar
8477;Sofía Torres;+57 313 933 4375;sofia.torres105@outlook.com;Diagonal 116 #79-17, El Poblado, Medellín;2024-11-05 14:49:00;pendiente;Sin procesar;Sin procesar
2894;Mateo González;+57 311 928 5507;mateo.gonzalez276@hotmail.com;Av 106 #3-37, Guayabal, Medellín;2022-12-01 20:54:00;pendiente;Sin procesar;Sin procesar
136;Natalia Vega;+57 304 969 6453;natalia.vega331@gmail.com;Diagonal 52 #43-3, Manrique, Medellín;2024-07-26 09:51:00;rechazado;14314424453;rejected
4489;Ana Lucía Medina;+57 302 887 3449;ana.medina661@outlook.com;Diagonal 67 #56-28, Doce de Octubre, Medellín;2023-06-13 15:01:00;aprobado;25894798735;approved
365;Gabriela Pérez;+57 318 690 1497;gabriela.perez930@gmail.com;Cra 4 #98-14, Bello, Medellín;2023-06-18 20:45:00;aprobado;53390461285;approved
7081;Salomé Jiménez;+57 316 505 1886;salome.jimenez967@gmail.com;Cra 50 #63-43, Buenos Aires, Medellín;2023-06-19 17:56:00;aprobado;49532640767;approved
7127;María José Suárez;+57 314 850 4505;maria.suarez801@outlook.com;Diagonal 110 #91-37, Aranjuez, Medellín;2024-09-19 13:19:00;pendiente;Sin procesar;pending
2916;Laura Gutiérrez;+57 317 861 7892;laura.gutierrez922@yahoo.com;Diagonal 16 #39-3, Sabaneta, Medellín;2023-11-08 08:55:00;aprobado;55264305119;approved
2826;Julián Ortiz;+57 317 648 1638;julian.ortiz663@yahoo.com;Transversal 32 #98-48, Castilla, Medellín;2022-04-17 18:24:00;aprobado;80107078761;approved
1386;Nicolás Moreno;+57 300 127 8969;nicolas.moreno342@gmail.com;Transversal 84 #27-1, Buenos Aires, Medellín;2024-10-28 21:23:00;pendiente;Sin procesar;Sin procesar
7780;Gabriela Pérez;+57 300 365 6203;gabriela.perez766@outlook.com;Cl 33 #39-44, Buenos Aires, Medellín;2023-03-09 18:38:00;aprobado;80450203977;approved
4008;Ana Lucía Medina;+57 304 181 2335;ana.medina451@outlook.com;Cra 62 #92-48, El Poblado, Medellín;2024-07-07 22:14:00;aprobado;73934491493;approved
7563;Tomás Vargas;+57 320 626 2636;tomas.vargas456@yahoo.com;Cra 66 #79-36, Caldas, Medellín;2024-09-27 21:31:00;pendiente;Sin procesar;Sin procesar
4700;Ana Lucía Medina;+57 315 348 5295;ana.medina869@hotmail.com;Diagonal 96 #59-17, Laureles, Medellín;2023-07-05 15:24:00;rechazado;84817864577;rejected
2463;Daniel Reyes;+57 300 767 5149;daniel.reyes456@yahoo.com;Cl 39 #12-5, La América, Medellín;2024-08-22 20:13:00;pendiente;Sin procesar;pending
763;Esteban Ramos;+57 314 406 5658;esteban.ramos154@hotmail.com;Av 93 #34-22, Aranjuez, Medellín;2024-11-12 20:21:00;aprobado;41634396919;approved
2133;Lucía Castro;+57 311 600 0470;lucia.castro876@gmail.com;Cra 8 #95-16, Buenos Aires, Medellín;2024-11-01 21:26:00;rechazado;91942239715;rejected
9693;María José Suárez;+57 316 651 1815;maria.suarez515@hotmail.com;Diagonal 101 #36-26, Castilla, Medellín;2022-06-06 12:46:00;aprobado;72149825334;approved
6691;Alejandro Ruiz;+57 313 704 7966;alejandro.ruiz688@outlook.com;Transversal 114 #19-46, Caldas, Medellín;2022-02-02 19:23:00;rechazado;63123849651;rejected
275;Lucía Castro;+57 313 914 2330;lucia.castro748@hotmail.com;Transversal 91 #24-32, Castilla, Medellín;2023-08-09 21:01:00;rechazado;92643628175;rejected
1100;Juan Pablo Gómez;+57 305 051 3186;juan.gomez386@gmail.com;Av 63 #40-29, Aranjuez, Medellín;2023-03-13 16:37:00;aprobado;71217588109;approved
4279;Felipe Ríos;+57 312 442 0359;felipe.rios269@yahoo.com;Cra 3 #96-44, Itagüí, Medellín;2023-08-04 20:32:00;aprobado;42835625007;approved
6856;Sofía Torres;+57 317 581 5398;sofia.torres795@yahoo.com;Cl 89 #16-32, Copacabana, Medellín;2023-03-11 13:56:00;pendiente;Sin procesar;Sin procesar
1245;María José Suárez;+57 320 286 5581;maria.suarez386@outlook.com;Av 98 #80-12, Robledo, Medellín;2023-02-25 21:06:00;rechazado;84350389236;rejected
853;Felipe Ríos;+57 318 912 1852;felipe.rios484@hotmail.com;Av 12 #12-19, San Javier, Medellín;2022-06-30 11:15:00;aprobado;59998201002;approved
5126;Esteban Ramos;+57 310 766 3454;esteban.ramos123@hotmail.com;Transversal 76 #13-10, Castilla, Medellín;2023-01-07 13:09:00;aprobado;50445604144;approved
1688;Andrés Herrera;+57 300 616 6910;andres.herrera61@hotmail.com;Cl 86 #33-9, Envigado, Medellín;2024-08-04 16:09:00;pendiente;Sin procesar;pending
8180;Isabella Hernández;+57 310 626 9962;isabella.hernandez32@hotmail.com;Av 64 #74-46, Belén, Medellín;2022-01-08 08:22:00;aprobado;99333829278;approved
5763;Paula Mendoza;+57 312 228 7032;paula.mendoza150@gmail.com;Cra 83 #85-30, Manrique, Medellín;2023-11-27 17:31:00;rechazado;83836391660;rejected
4923;Mariana Ramírez;+57 320 747 6950;mariana.ramirez736@gmail.com;Av 112 #11-41, Bello, Medellín;2024-10-31 13:27:00;pendiente;Sin procesar;Sin procesar
5395;Sofía Torres;+57 315 562 3887;sofia.torres544@outlook.com;Diagonal 45 #55-45, Caldas, Medellín;2023-02-05 09:13:00;pendiente;Sin procesar;pending
2262;Alejandro Ruiz;+57 318 901 1386;alejandro.ruiz10@yahoo.com;Diagonal 107 #76-18, Doce de Octubre, Medellín;2022-06-13 20:36:00;aprobado;79639970078;approved
8663;Ana Lucía Medina;+57 316 656 2925;ana.medina793@hotmail.com;Cl 68 #22-46, Copacabana, Medellín;2022-04-01 20:48:00;aprobado;38033003864;approved
7157;Isabella Hernández;+57 320 885 6846;isabella.hernandez497@outlook.com;Diagonal 65 #3-40, San Javier, Medellín;2023-07-25 13:51:00;pendiente;Sin procesar;Sin procesar
9419;Mariana Ramírez;+57 312 521 3531;mariana.ramirez961@outlook.com;Av 115 #45-44, La América, Medellín;2022-11-21 22:32:00;aprobado;84193575693;approved
1055;María José Suárez;+57 316 486 2675;maria.suarez779@gmail.com;Cra 102 #79-40, La Candelaria, Medellín;2024-05-19 12:21:00;aprobado;92756378279;approved
5869;Alejandro Ruiz;+57 317 641 9678;alejandro.ruiz614@outlook.com;Cl 120 #93-1, El Poblado, Medellín;2023-02-28 13:47:00;aprobado;62013158955;approved
7142;Sara Álvarez;+57 315 018 0403;sara.alvarez202@yahoo.com;Transversal 1 #10-22, Aranjuez, Medellín;2024-06-17 19:15:00;aprobado;63802984720;approved
5668;Salomé Jiménez;+57 310 446 0539;salome.jimenez158@outlook.com;Cra 79 #56-32, Manrique, Medellín;2024-04-05 18:44:00;rechazado;29309196333;rejected
6474;Santiago Martínez;+57 320 499 1192;santiago.martinez728@yahoo.com;Diagonal 57 #95-41, Sabaneta, Medellín;2024-10-23 13:47:00;aprobado;99269468346;approved
322;Laura Gutiérrez;+57 315 775 5821;laura.gutierrez937@hotmail.com;Diagonal 24 #54-17, Robledo, Medellín;2024-01-30 14:30:00;aprobado;11698333179;approved
367;Gabriela Pérez;+57 318 751 9919;gabriela.perez517@gmail.com;Diagonal 62 #48-24, Belén, Medellín;2022-11-10 17:43:00;aprobado;24168819387;approved
5556;Diego Cardona;+57 304 164 9828;diego.cardona778@hotmail.com;Transversal 100 #83-22, Girardota, Medellín;2024-01-09 12:28:00;aprobado;59110258382;approved
602;Salomé Jiménez;+57 312 055 4943;salome.jimenez654@yahoo.com;Cl 99 #56-35, La Candelaria, Medellín;2024-05-10 09:21:00;aprobado;90748404906;approved
9540;Mateo González;+57 305 907 6341;mateo.gonzalez355@hotmail.com;Av 76 #60-30, Envigado, Medellín;2022-04-15 18:03:00;rechazado;97329681241;rejected
4715;Mariana Ramírez;+57 314 431 4872;mariana.ramirez178@yahoo.com;Av 60 #65-22, San Javier, Medellín;2023-06-06 09:14:00;aprobado;97060548277;approved
6448;Felipe Ríos;+57 313 557 3952;felipe.rios244@hotmail.com;Transversal 47 #48-23, Copacabana, Medellín;2022-02-06 21:49:00;aprobado;51222257095;approved
1602;Laura Gutiérrez;+57 315 660 2841;laura.gutierrez796@hotmail.com;Diagonal 22 #31-14, Buenos Aires, Medellín;2024-06-28 08:19:00;aprobado;24882121891;approved
6362;Sebastián Rodríguez;+57 301 017 5900;sebastian.rodriguez777@gmail.com;Diagonal 96 #5-25, Doce de Octubre, Medellín;2023-07-07 17:02:00;aprobado;68166725054;approved
5122;María José Suárez;+57 310 162 1593;maria.suarez681@outlook.com;Diagonal 52 #87-16, Guayabal, Medellín;2023-10-02 20:27:00;aprobado;44359124986;approved
8638;Nicolás Moreno;+57 314 607 0722;nicolas.moreno547@hotmail.com;Av 100 #11-14, Aranjuez, Medellín;2023-12-09 21:06:00;rechazado;12628914109;rejected
1120;Diego Cardona;+57 302 886 6911;diego.cardona830@hotmail.com;Cl 26 #22-5, Manrique, Medellín;2022-12-07 13:55:00;aprobado;64997502968;approved
8955;Camila López;+57 314 259 4657;camila.lopez987@yahoo.com;Av 49 #48-45, Robledo, Medellín;2023-01-06 13:43:00;rechazado;49858001045;rejected
8722;Cristian Muñoz;+57 315 513 6738;cristian.muñoz990@gmail.com;Av 19 #8-14, Copacabana, Medellín;2022-07-25 19:37:00;pendiente;Sin procesar;Sin procesar
4931;Laura Gutiérrez;+57 317 184 7146;laura.gutierrez687@hotmail.com;Cl 4 #10-17, Bello, Medellín;2023-05-15 11:15:00;rechazado;23303428985;rejected
6377;Mateo González;+57 300 308 7647;mateo.gonzalez930@outlook.com;Cra 94 #74-1, Castilla, Medellín;2024-09-16 14:06:00;aprobado;73460201708;approved
43;Salomé Jiménez;+57 312 671 6217;salome.jimenez151@gmail.com;Av 70 #68-34, San Javier, Medellín;2022-12-04 18:19:00;pendiente;Sin procesar;Sin procesar
9325;Diego Cardona;+57 300 970 3425;diego.cardona834@gmail.com;Transversal 58 #88-4, Envigado, Medellín;2022-05-22 19:55:00;rechazado;89708808737;rejected
2330;Sebastián Rodríguez;+57 314 670 7421;sebastian.rodriguez984@yahoo.com;Cl 9 #77-16, San Javier, Medellín;2022-10-11 20:55:00;pendiente;Sin procesar;pending
7351;Paula Mendoza;+57 304 517 4546;paula.mendoza588@hotmail.com;Av 16 #4-11, Belén, Medellín;2023-09-16 08:58:00;pendiente;Sin procesar;pending
9362;Cristian Muñoz;+57 310 589 7990;cristian.muñoz955@hotmail.com;Av 104 #98-39, Doce de Octubre, Medellín;2022-07-24 15:59:00;aprobado;35885019282;approved
934;Santiago Martínez;+57 320 941 2460;santiago.martinez338@gmail.com;Diagonal 33 #70-15, Copacabana, Medellín;2023-10-19 11:15:00;aprobado;84668800407;approved
6615;Mariana Ramírez;+57 312 760 0643;mariana.ramirez318@yahoo.com;Transversal 103 #92-30, Aranjuez, Medellín;2022-06-13 18:48:00;pendiente;Sin procesar;pending
9506;Santiago Martínez;+57 317 675 7451;santiago.martinez799@gmail.com;Av 70 #36-35, El Poblado, Medellín;2023-09-14 19:55:00;pendiente;Sin procesar;pending
7366;Sara Álvarez;+57 310 456 5728;sara.alvarez579@outlook.com;Cl 22 #50-44, Girardota, Medellín;2023-03-07 12:32:00;aprobado;88182223976;approved
6230;Valentina García;+57 313 560 6699;valentina.garcia187@outlook.com;Cra 28 #67-9, Castilla, Medellín;2024-02-09 08:39:00;aprobado;73922650819;approved
7675;Natalia Vega;+57 300 399 6263;natalia.vega509@outlook.com;Transversal 24 #96-49, Doce de Octubre, Medellín;2022-05-23 18:50:00;aprobado;24420740932;approved
3071;Isabella Hernández;+57 315 068 2432;isabella.hernandez238@hotmail.com;Cl 7 #19-14, Caldas, Medellín;2023-04-16 12:17:00;aprobado;65609737690;approved
3713;Sara Álvarez;+57 315 069 5235;sara.alvarez449@outlook.com;Av 100 #18-39, Buenos Aires, Medellín;2022-07-05 10:32:00;rechazado;75465781745;rejected
2766;Samuel Díaz;+57 301 317 0195;samuel.diaz574@outlook.com;Diagonal 119 #27-38, Girardota, Medellín;2022-09-27 16:51:00;aprobado;81149828162;approved
8510;Ana Lucía Medina;+57 312 314 2495;ana.medina817@outlook.com;Cl 74 #15-31, Girardota, Medellín;2024-03-14 12:19:00;aprobado;11834424747;approved
9122;Samuel Díaz;+57 313 070 0510;samuel.diaz184@outlook.com;Av 44 #88-6, Sabaneta, Medellín;2022-02-13 10:43:00;pendiente;Sin procesar;pending
4876;Camila López;+57 310 416 4879;camila.lopez141@gmail.com;Cra 112 #35-26, Castilla, Medellín;2022-09-27 21:29:00;aprobado;57664152118;approved
7329;Mateo González;+57 305 420 3607;mateo.gonzalez548@yahoo.com;Av 95 #70-13, Robledo, Medellín;2022-01-28 17:23:00;aprobado;38155188746;approved
6984;Salomé Jiménez;+57 300 145 7923;salome.jimenez138@outlook.com;Diagonal 10 #35-48, Copacabana, Medellín;2023-02-12 16:45:00;aprobado;98566352255;approved
1751;Gabriela Pérez;+57 314 679 7209;gabriela.perez133@yahoo.com;Cra 74 #17-3, Envigado, Medellín;2022-11-13 16:46:00;pendiente;Sin procesar;pending
7269;Alejandro Ruiz;+57 301 492 0757;alejandro.ruiz310@gmail.com;Av 118 #24-20, Copacabana, Medellín;2024-08-15 21:15:00;aprobado;62220150796;approved
7577;Natalia Vega;+57 313 729 6571;natalia.vega346@outlook.com;Av 29 #67-44, El Poblado, Medellín;2022-11-17 17:58:00;aprobado;45332094978;approved
2268;Natalia Vega;+57 302 549 2036;natalia.vega801@hotmail.com;Cra 77 #98-6, Manrique, Medellín;2022-05-01 22:06:00;pendiente;Sin procesar;pending
1863;Gabriela Pérez;+57 317 722 6414;gabriela.perez504@yahoo.com;Diagonal 74 #2-1, Belén, Medellín;2024-12-04 12:08:00;pendiente;Sin procesar;pending
4472;Lucía Castro;+57 312 422 9835;lucia.castro632@outlook.com;Diagonal 117 #89-31, La Candelaria, Medellín;2022-06-18 13:15:00;aprobado;34866331357;approved
4935;Mateo González;+57 312 365 0032;mateo.gonzalez620@gmail.com;Transversal 5 #91-41, El Poblado, Medellín;2024-04-06 12:53:00;aprobado;20336179133;approved
2387;Julián Ortiz;+57 312 873 5540;julian.ortiz732@yahoo.com;Cl 83 #32-8, San Javier, Medellín;2024-06-10 17:09:00;aprobado;68990118942;approved
4386;Gabriela Pérez;+57 314 393 4396;gabriela.perez602@gmail.com;Av 41 #28-48, Girardota, Medellín;2023-01-11 20:44:00;rechazado;79469023589;rejected
7483;Daniel Reyes;+57 304 381 3307;daniel.reyes239@yahoo.com;Av 32 #81-44, Robledo, Medellín;2022-04-14 10:14:00;aprobado;24217313097;approved
7794;Julián Ortiz;+57 320 409 8537;julian.ortiz162@gmail.com;Cl 30 #45-3, La América, Medellín;2022-05-29 14:03:00;pendiente;Sin procesar;pending
6100;Sara Álvarez;+57 318 125 3807;sara.alvarez790@gmail.com;Transversal 12 #32-47, Guayabal, Medellín;2022-02-13 13:45:00;aprobado;92936077821;approved
7708;Mariana Ramírez;+57 301 575 5716;mariana.ramirez443@hotmail.com;Cl 66 #81-42, Sabaneta, Medellín;2023-07-23 14:15:00;rechazado;24734242989;rejected
1220;Felipe Ríos;+57 315 856 3520;felipe.rios895@gmail.com;Diagonal 56 #10-21, El Poblado, Medellín;2023-08-16 10:03:00;aprobado;85621976253;approved
6882;Andrés Herrera;+57 314 771 4336;andres.herrera25@gmail.com;Transversal 5 #14-3, Belén, Medellín;2023-06-08 20:48:00;aprobado;26031971194;approved
2438;Julián Ortiz;+57 312 888 8189;julian.ortiz213@gmail.com;Av 103 #51-43, Envigado, Medellín;2024-01-03 11:35:00;pendiente;Sin procesar;Sin procesar
5773;Manuela Sánchez;+57 301 856 9050;manuela.sanchez677@outlook.com;Av 52 #98-36, Copacabana, Medellín;2022-11-25 14:30:00;aprobado;16545553376;approved
7266;Samuel Díaz;+57 320 899 9514;samuel.diaz355@yahoo.com;Transversal 71 #27-27, Doce de Octubre, Medellín;2022-12-06 12:24:00;pendiente;Sin procesar;Sin procesar
8632;Sara Álvarez;+57 313 675 1857;sara.alvarez915@gmail.com;Cra 55 #39-23, Castilla, Medellín;2022-04-04 13:42:00;pendiente;Sin procesar;Sin procesar
1465;Sofía Torres;+57 313 073 9200;sofia.torres138@yahoo.com;Transversal 107 #45-28, La América, Medellín;2023-03-15 11:49:00;rechazado;77446044076;rejected
4753;Andrés Herrera;+57 310 500 5490;andres.herrera520@gmail.com;Transversal 76 #71-14, Girardota, Medellín;2024-12-10 14:40:00;pendiente;Sin procesar;pending
7171;María José Suárez;+57 314 965 4662;maria.suarez525@outlook.com;Cl 46 #13-34, Caldas, Medellín;2024-02-13 10:09:00;rechazado;70796133503;rejected
69;Ana Lucía Medina;+57 302 230 2340;ana.medina382@outlook.com;Diagonal 58 #14-12, Guayabal, Medellín;2022-11-06 18:23:00;aprobado;47907663811;approved
2720;Sebastián Rodríguez;+57 317 805 1666;sebastian.rodriguez45@gmail.com;Cl 28 #75-9, La Candelaria, Medellín;2024-12-15 16:18:00;rechazado;97986331406;rejected
3174;Esteban Ramos;+57 311 152 7695;esteban.ramos850@yahoo.com;Av 39 #20-1, Sabaneta, Medellín;2022-11-24 20:16:00;pendiente;Sin procesar;Sin procesar
1156;Juan Pablo Gómez;+57 304 737 1450;juan.gomez232@gmail.com;Cra 117 #69-3, Sabaneta, Medellín;2024-02-18 18:24:00;aprobado;48311480597;approved
9401;Diego Cardona;+57 311 061 0471;diego.cardona895@gmail.com;Cra 105 #75-40, Sabaneta, Medellín;2023-10-08 21:24:00;pendiente;Sin procesar;Sin procesar
9622;Lucía Castro;+57 315 044 7085;lucia.castro425@gmail.com;Transversal 96 #36-4, San Javier, Medellín;2024-07-17 09:18:00;aprobado;38031392181;approved
8606;Mariana Ramírez;+57 312 093 3913;mariana.ramirez403@yahoo.com;Cra 24 #81-26, Buenos Aires, Medellín;2022-05-26 08:53:00;pendiente;Sin procesar;pending
7388;Samuel Díaz;+57 310 318 0576;samuel.diaz248@gmail.com;Cra 11 #4-35, Caldas, Medellín;2024-04-11 18:21:00;pendiente;Sin procesar;Sin procesar
6491;Diego Cardona;+57 300 640 0474;diego.cardona974@outlook.com;Diagonal 77 #39-36, San Javier, Medellín;2024-11-28 17:17:00;pendiente;Sin procesar;pending
6641;Gabriela Pérez;+57 317 100 7701;gabriela.perez456@outlook.com;Cl 84 #62-21, Girardota, Medellín;2023-09-27 17:12:00;pendiente;Sin procesar;pending
8504;Gabriela Pérez;+57 305 965 5239;gabriela.perez112@outlook.com;Cra 105 #28-47, Aranjuez, Medellín;2024-08-01 11:58:00;pendiente;Sin procesar;pending
9562;Tomás Vargas;+57 302 665 3619;tomas.vargas490@outlook.com;Cl 14 #59-14, Girardota, Medellín;2023-09-14 20:27:00;aprobado;79892201635;approved
3213;Daniel Reyes;+57 317 858 6539;daniel.reyes158@outlook.com;Diagonal 71 #59-43, Belén, Medellín;2023-06-19 19:05:00;aprobado;88483997174;approved
7891;Sofía Torres;+57 320 967 0605;sofia.torres373@gmail.com;Diagonal 112 #30-21, Doce de Octubre, Medellín;2022-09-14 09:56:00;aprobado;28848812626;approved
9625;Lucía Castro;+57 313 935 4646;lucia.castro214@outlook.com;Cra 14 #38-43, La América, Medellín;2024-01-09 15:00:00;pendiente;Sin procesar;pending
1623;Mariana Ramírez;+57 316 866 9255;mariana.ramirez130@gmail.com;Av 4 #80-12, San Javier, Medellín;2022-04-20 08:03:00;aprobado;18827801805;approved
2072;Felipe Ríos;+57 301 882 2063;felipe.rios769@gmail.com;Transversal 94 #51-19, Envigado, Medellín;2024-09-11 14:04:00;aprobado;13558251468;approved
1907;Isabella Hernández;+57 316 693 6835;isabella.hernandez935@gmail.com;Diagonal 109 #60-28, Manrique, Medellín;2022-01-31 21:15:00;pendiente;Sin procesar;pending
4215;Mateo González;+57 305 484 3686;mateo.gonzalez520@gmail.com;Cra 10 #40-15, Aranjuez, Medellín;2022-05-04 14:16:00;rechazado;12232254467;rejected
5472;Lucía Castro;+57 310 590 6278;lucia.castro491@gmail.com;Cl 119 #46-37, Envigado, Medellín;2022-11-08 08:45:00;aprobado;65639281398;approved
9485;Esteban Ramos;+57 310 519 2474;esteban.ramos699@gmail.com;Cra 9 #62-44, Robledo, Medellín;2024-12-03 22:29:00;aprobado;68101055085;approved
7587;Isabella Hernández;+57 318 611 2584;isabella.hernandez748@hotmail.com;Cl 27 #4-1, Copacabana, Medellín;2022-03-29 13:25:00;rechazado;82789958862;rejected
4141;María José Suárez;+57 315 828 7321;maria.suarez41@outlook.com;Transversal 68 #26-6, Itagüí, Medellín;2024-06-22 11:45:00;pendiente;Sin procesar;Sin procesar
2447;Ana Lucía Medina;+57 302 072 0197;ana.medina866@gmail.com;Transversal 38 #18-35, La Candelaria, Medellín;2023-03-06 21:43:00;rechazado;34552051512;rejected
3430;Daniel Reyes;+57 315 651 2955;daniel.reyes340@gmail.com;Cra 3 #47-6, El Poblado, Medellín;2024-11-17 09:39:00;aprobado;85972111369;approved
4500;Andrés Herrera;+57 304 753 9169;andres.herrera145@gmail.com;Transversal 15 #54-46, San Javier, Medellín;2023-03-29 09:27:00;pendiente;Sin procesar;Sin procesar
5007;Laura Gutiérrez;+57 300 330 4544;laura.gutierrez66@gmail.com;Diagonal 13 #56-26, Manrique, Medellín;2024-08-08 08:01:00;aprobado;56103814454;approved
1557;Juan Pablo Gómez;+57 312 642 9628;juan.gomez4@hotmail.com;Av 13 #16-23, Laureles, Medellín;2023-10-13 21:01:00;pendiente;Sin procesar;Sin procesar
2002;Sebastián Rodríguez;+57 310 255 2322;sebastian.rodriguez677@gmail.com;Av 65 #71-13, Doce de Octubre, Medellín;2024-06-30 18:19:00;aprobado;51717483853;approved
5569;Daniel Reyes;+57 316 395 0111;daniel.reyes937@yahoo.com;Cl 105 #42-21, Bello, Medellín;2024-10-06 21:11:00;rechazado;85347890613;rejected
2151;Diego Cardona;+57 302 935 5459;diego.cardona901@hotmail.com;Cra 42 #95-23, Girardota, Medellín;2024-04-13 15:20:00;rechazado;93734361944;rejected
1787;Sara Álvarez;+57 320 522 1336;sara.alvarez727@outlook.com;Cra 1 #66-13, Manrique, Medellín;2024-07-28 14:43:00;aprobado;98079416784;approved
3724;Sara Álvarez;+57 300 746 1139;sara.alvarez619@outlook.com;Transversal 114 #77-9, Doce de Octubre, Medellín;2022-08-04 18:58:00;rechazado;64528611380;rejected
3610;Cristian Muñoz;+57 304 878 8528;cristian.muñoz375@outlook.com;Transversal 84 #14-35, Manrique, Medellín;2023-04-26 17:29:00;pendiente;Sin procesar;pending
141;Santiago Martínez;+57 315 073 7949;santiago.martinez597@yahoo.com;Av 41 #60-44, Manrique, Medellín;2023-09-27 12:07:00;aprobado;63480501032;approved
6981;Sara Álvarez;+57 302 654 3475;sara.alvarez582@gmail.com;Diagonal 4 #94-17, Aranjuez, Medellín;2023-11-30 17:41:00;rechazado;95559620773;rejected
9302;Manuela Sánchez;+57 316 079 9658;manuela.sanchez876@yahoo.com;Diagonal 65 #97-15, La Candelaria, Medellín;2023-07-11 14:42:00;aprobado;76049796728;approved
5024;Manuela Sánchez;+57 315 073 0717;manuela.sanchez477@outlook.com;Cra 113 #88-41, Robledo, Medellín;2023-10-10 18:01:00;aprobado;80832298008;approved
2435;Juan Pablo Gómez;+57 304 385 4033;juan.gomez419@yahoo.com;Cl 71 #43-44, El Poblado, Medellín;2023-01-19 11:05:00;pendiente;Sin procesar;Sin procesar
5138;Lucía Castro;+57 316 514 9724;lucia.castro609@gmail.com;Cl 18 #17-16, Manrique, Medellín;2024-09-14 15:04:00;pendiente;Sin procesar;Sin procesar
9588;Diego Cardona;+57 304 555 5702;diego.cardona38@gmail.com;Diagonal 15 #61-17, Belén, Medellín;2023-02-03 14:19:00;aprobado;60650407218;approved
6417;Sara Álvarez;+57 301 218 9391;sara.alvarez980@hotmail.com;Diagonal 87 #94-49, Laureles, Medellín;2024-07-05 13:01:00;pendiente;Sin procesar;Sin procesar
2449;Sebastián Rodríguez;+57 320 830 5644;sebastian.rodriguez430@yahoo.com;Cl 86 #1-17, Guayabal, Medellín;2024-01-28 13:51:00;rechazado;55443469783;rejected
5454;Santiago Martínez;+57 311 077 7894;santiago.martinez946@hotmail.com;Cl 83 #18-32, Castilla, Medellín;2023-01-28 17:46:00;pendiente;Sin procesar;Sin procesar
6832;Daniel Reyes;+57 318 064 7245;daniel.reyes182@yahoo.com;Diagonal 28 #58-36, Doce de Octubre, Medellín;2023-05-29 15:31:00;aprobado;70190075436;approved
6188;Natalia Vega;+57 305 170 0537;natalia.vega77@outlook.com;Cra 43 #50-47, San Javier, Medellín;2024-11-21 08:50:00;aprobado;64293812803;approved
9458;Salomé Jiménez;+57 318 512 7983;salome.jimenez920@gmail.com;Cl 98 #98-17, Sabaneta, Medellín;2024-01-10 11:23:00;aprobado;18667268705;approved
9116;Sara Álvarez;+57 315 480 8701;sara.alvarez483@gmail.com;Transversal 100 #93-44, San Javier, Medellín;2024-09-22 21:57:00;aprobado;33051171382;approved
899;Santiago Martínez;+57 312 404 3368;santiago.martinez593@yahoo.com;Diagonal 77 #49-29, Sabaneta, Medellín;2023-08-25 14:05:00;aprobado;18879302150;approved
9;Santiago Martínez;+57 300 701 7850;santiago.martinez744@hotmail.com;Cra 48 #7-10, Guayabal, Medellín;2023-08-15 17:30:00;rechazado;99894911989;rejected
537;Samuel Díaz;+57 301 029 7599;samuel.diaz485@yahoo.com;Diagonal 87 #89-42, La América, Medellín;2023-04-17 21:38:00;aprobado;92984313411;approved
5067;Julián Ortiz;+57 305 252 6942;julian.ortiz58@yahoo.com;Cra 52 #37-8, Guayabal, Medellín;2023-09-03 15:18:00;aprobado;60898744419;approved
3906;Camila López;+57 312 937 6699;camila.lopez459@outlook.com;Transversal 15 #96-44, San Javier, Medellín;2022-01-10 21:33:00;rechazado;75899852356;rejected
930;Natalia Vega;+57 320 851 8466;natalia.vega919@yahoo.com;Transversal 29 #22-5, Aranjuez, Medellín;2024-02-01 21:36:00;pendiente;Sin procesar;pending
7935;Laura Gutiérrez;+57 320 819 2147;laura.gutierrez996@yahoo.com;Transversal 94 #70-18, Doce de Octubre, Medellín;2023-09-17 14:00:00;pendiente;Sin procesar;pending
1699;Sara Álvarez;+57 312 847 2146;sara.alvarez81@outlook.com;Cl 64 #44-35, El Poblado, Medellín;2023-07-10 13:51:00;pendiente;Sin procesar;pending
7011;Alejandro Ruiz;+57 314 889 7988;alejandro.ruiz473@outlook.com;Av 38 #36-22, Bello, Medellín;2023-06-13 22:28:00;aprobado;22740918136;approved
8651;Sebastián Rodríguez;+57 305 479 3656;sebastian.rodriguez122@gmail.com;Av 53 #71-26, Sabaneta, Medellín;2022-09-28 19:58:00;pendiente;Sin procesar;pending
5494;Diego Cardona;+57 314 480 5316;diego.cardona36@hotmail.com;Cl 58 #82-20, Aranjuez, Medellín;2023-05-24 08:13:00;aprobado;20703307499;approved
4658;Juan Pablo Gómez;+57 305 756 3112;juan.gomez641@gmail.com;Cl 70 #90-1, La Candelaria, Medellín;2023-01-16 16:57:00;aprobado;17722120560;approved
8574;Camila López;+57 316 866 9059;camila.lopez280@outlook.com;Transversal 119 #92-39, Bello, Medellín;2023-09-28 10:34:00;rechazado;86625217265;rejected
4402;Cristian Muñoz;+57 312 106 2833;cristian.muñoz273@yahoo.com;Av 62 #32-22, Castilla, Medellín;2022-12-22 11:41:00;aprobado;76369769363;approved
2497;María José Suárez;+57 310 554 6893;maria.suarez593@outlook.com;Diagonal 84 #5-19, Envigado, Medellín;2022-01-08 14:30:00;pendiente;Sin procesar;Sin procesar
4678;Diego Cardona;+57 311 738 6569;diego.cardona11@yahoo.com;Av 66 #86-17, Castilla, Medellín;2024-10-19 19:14:00;aprobado;92370239183;approved
4644;Julián Ortiz;+57 313 955 8770;julian.ortiz11@outlook.com;Cl 31 #87-40, Manrique, Medellín;2023-10-03 17:53:00;pendiente;Sin procesar;pending
394;Alejandro Ruiz;+57 315 895 3012;alejandro.ruiz967@gmail.com;Cl 111 #32-37, Bello, Medellín;2022-03-01 19:07:00;pendiente;Sin procesar;Sin procesar
8918;Camila López;+57 304 356 8905;camila.lopez913@gmail.com;Cra 70 #87-2, Envigado, Medellín;2024-01-20 21:13:00;rechazado;46322685723;rejected
7511;Laura Gutiérrez;+57 300 277 2871;laura.gutierrez327@outlook.com;Av 78 #56-43, Caldas, Medellín;2024-01-24 15:44:00;aprobado;55074124483;approved
6027;Sara Álvarez;+57 300 553 6291;sara.alvarez454@gmail.com;Av 66 #47-19, Belén, Medellín;2023-04-05 17:22:00;aprobado;55911820869;approved
6013;Isabella Hernández;+57 302 078 8216;isabella.hernandez666@yahoo.com;Cra 112 #9-40, Itagüí, Medellín;2022-07-09 12:53:00;aprobado;50765364400;approved
4682;Felipe Ríos;+57 300 293 6340;felipe.rios590@yahoo.com;Cra 23 #92-6, Copacabana, Medellín;2022-03-21 13:45:00;rechazado;75943132167;rejected
441;Sara Álvarez;+57 305 794 1232;sara.alvarez333@yahoo.com;Diagonal 2 #12-36, Caldas, Medellín;2022-06-28 20:07:00;aprobado;52090319632;approved
4293;Felipe Ríos;+57 317 857 1339;felipe.rios786@outlook.com;Cl 115 #60-28, Copacabana, Medellín;2024-01-05 09:11:00;rechazado;49682133256;rejected
2470;Laura Gutiérrez;+57 300 291 3813;laura.gutierrez41@gmail.com;Av 76 #40-36, El Poblado, Medellín;2022-11-30 17:33:00;pendiente;Sin procesar;pending
5906;Sara Álvarez;+57 302 319 1990;sara.alvarez526@hotmail.com;Cra 86 #28-13, La América, Medellín;2024-03-14 16:46:00;aprobado;70533699339;approved
6533;Isabella Hernández;+57 312 041 7103;isabella.hernandez708@gmail.com;Transversal 15 #65-49, La Candelaria, Medellín;2023-08-19 08:20:00;pendiente;Sin procesar;pending
376;Samuel Díaz;+57 317 344 9560;samuel.diaz982@outlook.com;Cra 33 #67-31, San Javier, Medellín;2023-08-12 08:52:00;aprobado;59193618856;approved
7525;Ana Lucía Medina;+57 302 316 3160;ana.medina856@hotmail.com;Diagonal 83 #65-47, Belén, Medellín;2022-10-07 18:54:00;aprobado;73372427685;approved
9394;Julián Ortiz;+57 314 630 6670;julian.ortiz14@yahoo.com;Transversal 78 #36-26, Caldas, Medellín;2024-03-23 14:43:00;rechazado;43354148781;rejected
4675;Natalia Vega;+57 320 888 3923;natalia.vega480@yahoo.com;Transversal 94 #1-37, La Candelaria, Medellín;2023-01-17 10:33:00;aprobado;86937184586;approved
9018;Laura Gutiérrez;+57 310 455 1391;laura.gutierrez916@outlook.com;Cra 28 #40-34, Itagüí, Medellín;2023-04-27 14:31:00;aprobado;37870210577;approved
3155;Salomé Jiménez;+57 302 380 0436;salome.jimenez262@outlook.com;Av 67 #40-27, Castilla, Medellín;2023-07-15 16:27:00;rechazado;24026284948;rejected
2135;Salomé Jiménez;+57 300 631 7552;salome.jimenez589@outlook.com;Diagonal 52 #5-8, Manrique, Medellín;2024-04-01 16:19:00;pendiente;Sin procesar;pending
1303;Sebastián Rodríguez;+57 310 728 1436;sebastian.rodriguez914@gmail.com;Cra 54 #69-25, Envigado, Medellín;2022-07-28 12:24:00;aprobado;39462391843;approved
448;Daniel Reyes;+57 304 445 4595;daniel.reyes691@outlook.com;Diagonal 4 #2-15, Laureles, Medellín;2022-06-26 09:38:00;aprobado;27771143663;approved
8564;Daniel Reyes;+57 311 974 2173;daniel.reyes400@hotmail.com;Transversal 48 #85-4, Girardota, Medellín;2023-10-28 21:43:00;aprobado;90702407375;approved
9906;Sofía Torres;+57 314 165 0811;sofia.torres194@outlook.com;Av 110 #97-50, Laureles, Medellín;2023-05-08 12:52:00;pendiente;Sin procesar;Sin procesar
7593;Sofía Torres;+57 300 062 7959;sofia.torres344@gmail.com;Av 104 #24-39, Guayabal, Medellín;2023-07-06 12:39:00;rechazado;89146569699;rejected
7799;Lucía Castro;+57 318 562 7528;lucia.castro8@gmail.com;Cra 54 #96-46, Belén, Medellín;2024-07-04 11:17:00;pendiente;Sin procesar;Sin procesar
5226;Sara Álvarez;+57 314 235 1638;sara.alvarez234@hotmail.com;Diagonal 36 #94-33, Caldas, Medellín;2024-09-23 19:05:00;aprobado;18817657279;approved
1695;Gabriela Pérez;+57 302 945 7613;gabriela.perez42@yahoo.com;Transversal 39 #72-19, Belén, Medellín;2023-08-14 10:40:00;pendiente;Sin procesar;Sin procesar
7740;Salomé Jiménez;+57 301 158 8218;salome.jimenez887@outlook.com;Cra 87 #67-39, Manrique, Medellín;2022-05-30 22:46:00;pendiente;Sin procesar;Sin procesar
8458;Julián Ortiz;+57 320 852 3774;julian.ortiz573@outlook.com;Diagonal 1 #8-31, Copacabana, Medellín;2022-09-05 18:09:00;rechazado;32515294246;rejected
9092;Lucía Castro;+57 318 082 2679;lucia.castro995@gmail.com;Transversal 53 #86-26, Castilla, Medellín;2022-09-02 10:34:00;rechazado;83887475311;rejected
5915;Sofía Torres;+57 312 164 6821;sofia.torres787@gmail.com;Cra 25 #88-48, La Candelaria, Medellín;2022-01-20 21:48:00;aprobado;16214894889;approved
6708;Daniel Reyes;+57 320 296 5074;daniel.reyes690@yahoo.com;Av 51 #41-29, Sabaneta, Medellín;2024-05-24 15:25:00;aprobado;47267352780;approved
8228;Camila López;+57 301 794 7795;camila.lopez4@gmail.com;Cl 40 #43-49, Sabaneta, Medellín;2022-02-11 08:11:00;aprobado;35662294669;approved
956;Salomé Jiménez;+57 304 264 5257;salome.jimenez229@hotmail.com;Cra 79 #92-49, El Poblado, Medellín;2024-08-03 20:49:00;aprobado;41701571460;approved
9839;Salomé Jiménez;+57 320 332 7633;salome.jimenez265@hotmail.com;Cl 69 #46-45, San Javier, Medellín;2022-11-23 20:49:00;aprobado;29178545388;approved
3590;Natalia Vega;+57 312 225 9310;natalia.vega239@hotmail.com;Diagonal 106 #99-47, El Poblado, Medellín;2022-01-15 16:44:00;aprobado;96511700561;approved
208;Nicolás Moreno;+57 305 737 1985;nicolas.moreno771@gmail.com;Diagonal 54 #74-43, San Javier, Medellín;2022-03-02 22:41:00;aprobado;58515058927;approved
2361;Julián Ortiz;+57 301 578 3792;julian.ortiz446@yahoo.com;Cra 42 #27-46, Sabaneta, Medellín;2024-11-07 11:41:00;aprobado;80963145079;approved
2176;Nicolás Moreno;+57 313 839 0397;nicolas.moreno629@outlook.com;Transversal 111 #28-44, Robledo, Medellín;2022-06-14 19:23:00;aprobado;32497135371;approved
9530;Sebastián Rodríguez;+57 318 655 1025;sebastian.rodriguez12@outlook.com;Diagonal 56 #95-42, Bello, Medellín;2024-09-04 18:42:00;aprobado;97631387803;approved
6842;Gabriela Pérez;+57 312 149 9863;gabriela.perez146@yahoo.com;Transversal 12 #94-1, Aranjuez, Medellín;2024-12-16 13:11:00;pendiente;Sin procesar;pending
1691;Julián Ortiz;+57 310 596 3743;julian.ortiz587@outlook.com;Cl 77 #78-17, Caldas, Medellín;2023-11-21 22:38:00;aprobado;35800824954;approved
4686;Juan Pablo Gómez;+57 311 565 3170;juan.gomez526@outlook.com;Cl 5 #7-10, Belén, Medellín;2022-02-02 18:09:00;aprobado;39807135885;approved
2749;Salomé Jiménez;+57 310 673 2234;salome.jimenez941@outlook.com;Av 73 #28-39, Belén, Medellín;2024-05-22 18:25:00;aprobado;26307768683;approved
4954;Sara Álvarez;+57 313 866 0732;sara.alvarez424@yahoo.com;Av 119 #97-29, Copacabana, Medellín;2023-02-09 18:30:00;pendiente;Sin procesar;Sin procesar
7133;Laura Gutiérrez;+57 314 447 3387;laura.gutierrez787@gmail.com;Av 17 #65-37, Laureles, Medellín;2023-11-11 14:27:00;pendiente;Sin procesar;pending
4964;Juan Pablo Gómez;+57 316 771 9888;juan.gomez243@outlook.com;Av 32 #34-23, El Poblado, Medellín;2024-04-05 16:20:00;pendiente;Sin procesar;pending
2455;Salomé Jiménez;+57 304 089 9646;salome.jimenez822@hotmail.com;Av 120 #29-20, Aranjuez, Medellín;2024-04-01 12:33:00;pendiente;Sin procesar;Sin procesar
1674;Mateo González;+57 315 560 3871;mateo.gonzalez6@gmail.com;Cl 43 #40-27, Caldas, Medellín;2023-08-19 14:27:00;rechazado;52540406895;rejected
6593;Sara Álvarez;+57 305 747 6911;sara.alvarez437@gmail.com;Cl 23 #15-22, El Poblado, Medellín;2023-02-05 19:36:00;aprobado;55950792213;approved
8237;Nicolás Moreno;+57 316 190 0415;nicolas.moreno534@hotmail.com;Cl 28 #48-9, Copacabana, Medellín;2024-01-05 19:45:00;aprobado;22890354194;approved
6;Laura Gutiérrez;+57 317 029 5738;laura.gutierrez12@gmail.com;Cra 9 #24-19, Guayabal, Medellín;2024-11-08 09:34:00;pendiente;Sin procesar;Sin procesar
1485;Juan Pablo Gómez;+57 314 499 9136;juan.gomez641@yahoo.com;Cra 113 #46-22, Envigado, Medellín;2022-07-14 18:52:00;pendiente;Sin procesar;Sin procesar
8069;Juan Pablo Gómez;+57 301 708 0492;juan.gomez612@hotmail.com;Cl 97 #72-46, Guayabal, Medellín;2022-05-02 15:58:00;aprobado;68412253442;approved
3401;Camila López;+57 318 213 4952;camila.lopez985@hotmail.com;Cra 73 #99-17, El Poblado, Medellín;2022-04-17 21:13:00;pendiente;Sin procesar;pending
8555;Cristian Muñoz;+57 313 562 7480;cristian.muñoz398@outlook.com;Cra 9 #89-12, Castilla, Medellín;2022-09-26 19:02:00;rechazado;18232808212;rejected
1204;Salomé Jiménez;+57 311 571 2118;salome.jimenez442@gmail.com;Cra 70 #11-8, Sabaneta, Medellín;2023-04-17 21:43:00;aprobado;15135350932;approved
8323;Mateo González;+57 317 792 0623;mateo.gonzalez118@yahoo.com;Av 77 #56-36, Bello, Medellín;2022-04-08 21:01:00;aprobado;25604758079;approved
794;Sara Álvarez;+57 305 505 2112;sara.alvarez773@gmail.com;Cl 102 #55-1, Bello, Medellín;2022-09-08 14:50:00;aprobado;26217685099;approved
4148;María José Suárez;+57 305 608 1971;maria.suarez263@gmail.com;Transversal 108 #31-18, Castilla, Medellín;2023-10-29 12:17:00;rechazado;11734909435;rejected
5447;Sara Álvarez;+57 318 806 2745;sara.alvarez408@outlook.com;Transversal 72 #29-44, Caldas, Medellín;2023-12-15 17:41:00;aprobado;46451866633;approved
4998;Isabella Hernández;+57 302 904 9577;isabella.hernandez930@outlook.com;Cl 41 #25-44, Copacabana, Medellín;2023-08-13 15:25:00;aprobado;21187615439;approved
736;Natalia Vega;+57 301 647 2861;natalia.vega481@yahoo.com;Diagonal 114 #67-21, Girardota, Medellín;2022-01-30 10:50:00;aprobado;92160479007;approved
1982;Diego Cardona;+57 317 662 8660;diego.cardona787@hotmail.com;Av 77 #67-9, Manrique, Medellín;2024-03-30 22:35:00;aprobado;97974316998;approved
2579;Santiago Martínez;+57 318 774 0215;santiago.martinez842@outlook.com;Cl 27 #12-46, Sabaneta, Medellín;2023-10-23 10:17:00;pendiente;Sin procesar;pending
6395;Lucía Castro;+57 318 008 5894;lucia.castro615@outlook.com;Cra 58 #24-7, Guayabal, Medellín;2022-04-26 13:49:00;pendiente;Sin procesar;pending
3731;Paula Mendoza;+57 310 313 1845;paula.mendoza941@outlook.com;Cra 43 #79-40, Aranjuez, Medellín;2023-08-14 18:09:00;aprobado;27821636134;approved
8913;Natalia Vega;+57 302 402 1168;natalia.vega151@hotmail.com;Cra 28 #63-40, Girardota, Medellín;2024-11-24 09:32:00;aprobado;12805230374;approved
2468;Santiago Martínez;+57 318 426 5789;santiago.martinez773@outlook.com;Cl 87 #43-24, Bello, Medellín;2024-08-27 15:18:00;aprobado;30902926279;approved
8230;Alejandro Ruiz;+57 313 823 7254;alejandro.ruiz303@hotmail.com;Cl 82 #42-13, La América, Medellín;2022-08-28 09:57:00;pendiente;Sin procesar;pending
8113;Juan Pablo Gómez;+57 305 587 1207;juan.gomez321@hotmail.com;Cra 88 #28-46, San Javier, Medellín;2024-08-01 17:12:00;pendiente;Sin procesar;Sin procesar
3355;Nicolás Moreno;+57 304 199 7115;nicolas.moreno233@hotmail.com;Cl 114 #36-38, Doce de Octubre, Medellín;2022-04-12 17:27:00;aprobado;18712300013;approved
4957;Valentina García;+57 304 449 9758;valentina.garcia718@yahoo.com;Transversal 92 #53-41, Belén, Medellín;2024-12-22 16:32:00;aprobado;80764579616;approved
2144;Salomé Jiménez;+57 301 599 2794;salome.jimenez223@outlook.com;Diagonal 118 #29-33, Sabaneta, Medellín;2024-02-10 22:18:00;pendiente;Sin procesar;pending
3754;Sofía Torres;+57 318 954 8070;sofia.torres297@outlook.com;Cl 88 #16-20, Bello, Medellín;2023-03-24 20:25:00;pendiente;Sin procesar;Sin procesar
4192;Gabriela Pérez;+57 300 703 6665;gabriela.perez412@gmail.com;Cra 87 #58-25, Sabaneta, Medellín;2022-11-28 21:35:00;aprobado;35628300738;approved
7060;Felipe Ríos;+57 314 206 6604;felipe.rios557@yahoo.com;Cl 13 #24-13, Manrique, Medellín;2023-06-26 11:21:00;aprobado;87307977450;approved
5068;Camila López;+57 318 651 2421;camila.lopez30@outlook.com;Cl 60 #72-44, Belén, Medellín;2024-08-28 20:45:00;pendiente;Sin procesar;Sin procesar
6165;Juan Pablo Gómez;+57 305 811 6595;juan.gomez948@yahoo.com;Transversal 104 #81-46, Guayabal, Medellín;2023-06-13 10:04:00;aprobado;89455351566;approved
7955;Sofía Torres;+57 305 919 5380;sofia.torres983@yahoo.com;Cl 56 #63-9, Robledo, Medellín;2023-02-15 17:38:00;aprobado;24628840326;approved
8595;Valentina García;+57 311 164 7904;valentina.garcia860@gmail.com;Av 116 #62-15, Bello, Medellín;2022-02-24 14:29:00;pendiente;Sin procesar;Sin procesar
600;Andrés Herrera;+57 314 610 2372;andres.herrera443@yahoo.com;Cl 87 #23-4, Guayabal, Medellín;2024-08-11 20:24:00;pendiente;Sin procesar;pending
7684;Natalia Vega;+57 301 557 9327;natalia.vega479@gmail.com;Cra 15 #88-22, Buenos Aires, Medellín;2022-07-16 21:29:00;pendiente;Sin procesar;pending
6779;Paula Mendoza;+57 300 968 5688;paula.mendoza705@outlook.com;Cra 5 #97-34, La América, Medellín;2024-08-29 11:22:00;aprobado;51193725363;approved
3188;Laura Gutiérrez;+57 318 644 7026;laura.gutierrez206@hotmail.com;Diagonal 51 #64-43, Castilla, Medellín;2023-12-20 17:25:00;pendiente;Sin procesar;Sin procesar
6309;Manuela Sánchez;+57 314 494 7155;manuela.sanchez863@hotmail.com;Av 110 #57-17, La América, Medellín;2022-03-15 19:40:00;aprobado;11087433127;approved
2780;Ana Lucía Medina;+57 314 084 8965;ana.medina900@hotmail.com;Transversal 34 #43-2, Aranjuez, Medellín;2024-06-22 20:52:00;aprobado;84215564772;approved
7898;Julián Ortiz;+57 313 053 8338;julian.ortiz381@outlook.com;Transversal 25 #24-47, Caldas, Medellín;2022-05-09 11:26:00;rechazado;81899182411;rejected
479;Santiago Martínez;+57 312 373 0415;santiago.martinez2@outlook.com;Cl 23 #91-17, Laureles, Medellín;2023-10-06 09:02:00;aprobado;58995317487;approved
9527;Manuela Sánchez;+57 311 334 6746;manuela.sanchez273@outlook.com;Diagonal 96 #5-16, Robledo, Medellín;2022-10-07 22:31:00;pendiente;Sin procesar;Sin procesar
880;Mariana Ramírez;+57 316 941 0102;mariana.ramirez644@outlook.com;Diagonal 6 #62-35, Envigado, Medellín;2023-11-03 09:25:00;pendiente;Sin procesar;Sin procesar
7690;Sara Álvarez;+57 304 833 0614;sara.alvarez258@hotmail.com;Av 58 #84-24, Manrique, Medellín;2024-08-26 16:37:00;rechazado;56621925864;rejected
3006;Valentina García;+57 311 027 0687;valentina.garcia343@outlook.com;Diagonal 8 #62-6, Copacabana, Medellín;2022-09-03 10:38:00;rechazado;64626741768;rejected
1799;Cristian Muñoz;+57 302 377 4599;cristian.muñoz534@yahoo.com;Cra 90 #95-14, Aranjuez, Medellín;2024-10-17 14:59:00;pendiente;Sin procesar;pending
192;Lucía Castro;+57 312 910 6510;lucia.castro839@outlook.com;Av 6 #64-3, Doce de Octubre, Medellín;2024-12-16 11:48:00;rechazado;80615135542;rejected
175;Felipe Ríos;+57 304 485 7365;felipe.rios676@yahoo.com;Cra 112 #38-17, Caldas, Medellín;2022-09-22 15:11:00;pendiente;Sin procesar;pending
8292;Sofía Torres;+57 304 643 1678;sofia.torres334@yahoo.com;Av 35 #6-36, Copacabana, Medellín;2023-10-09 19:37:00;pendiente;Sin procesar;pending
552;Sofía Torres;+57 312 560 5269;sofia.torres640@gmail.com;Cra 96 #47-11, Robledo, Medellín;2022-03-19 22:08:00;rechazado;37406604650;rejected
2706;Samuel Díaz;+57 320 356 5403;samuel.diaz31@outlook.com;Transversal 83 #76-8, Guayabal, Medellín;2023-07-18 20:50:00;pendiente;Sin procesar;pending
422;Andrés Herrera;+57 301 295 3185;andres.herrera5@gmail.com;Av 17 #26-6, Copacabana, Medellín;2022-10-14 19:02:00;aprobado;82727885255;approved
5365;Mariana Ramírez;+57 304 815 1827;mariana.ramirez149@hotmail.com;Transversal 112 #18-28, Manrique, Medellín;2022-09-27 17:22:00;aprobado;55116240348;approved
7652;Mateo González;+57 315 688 1559;mateo.gonzalez43@hotmail.com;Cra 120 #66-8, Girardota, Medellín;2024-05-16 19:46:00;rechazado;52283807230;rejected
1693;Mariana Ramírez;+57 315 504 8849;mariana.ramirez758@gmail.com;Av 95 #4-33, Girardota, Medellín;2022-10-06 18:16:00;aprobado;15542572933;approved
8080;Ana Lucía Medina;+57 305 592 5412;ana.medina223@outlook.com;Cl 109 #37-48, Girardota, Medellín;2023-05-24 15:38:00;aprobado;16939357002;approved
5423;Valentina García;+57 320 594 8496;valentina.garcia473@yahoo.com;Cra 56 #55-9, Robledo, Medellín;2023-11-30 20:26:00;aprobado;27684153577;approved
490;Lucía Castro;+57 320 276 7490;lucia.castro385@yahoo.com;Cra 101 #20-50, Sabaneta, Medellín;2024-02-10 10:43:00;aprobado;58951034176;approved
8482;Manuela Sánchez;+57 313 850 1055;manuela.sanchez810@hotmail.com;Transversal 11 #12-7, Guayabal, Medellín;2023-02-24 10:02:00;aprobado;50398020996;approved
3889;Santiago Martínez;+57 316 396 3790;santiago.martinez190@gmail.com;Cl 70 #72-41, Doce de Octubre, Medellín;2024-11-28 10:41:00;pendiente;Sin procesar;pending
7370;Manuela Sánchez;+57 313 167 6634;manuela.sanchez902@hotmail.com;Cra 70 #30-20, Bello, Medellín;2022-07-09 10:18:00;pendiente;Sin procesar;Sin procesar
6768;Alejandro Ruiz;+57 305 404 7832;alejandro.ruiz780@outlook.com;Transversal 106 #56-27, Aranjuez, Medellín;2024-06-24 17:50:00;pendiente;Sin procesar;pending
6609;Diego Cardona;+57 305 239 4026;diego.cardona812@gmail.com;Transversal 73 #49-18, Girardota, Medellín;2024-06-03 14:26:00;aprobado;87250798312;approved
2391;Mateo González;+57 304 246 8722;mateo.gonzalez925@gmail.com;Cl 60 #27-15, La Candelaria, Medellín;2023-07-07 08:24:00;aprobado;79594587601;approved
8534;Alejandro Ruiz;+57 310 783 0455;alejandro.ruiz599@outlook.com;Av 87 #58-43, San Javier, Medellín;2024-01-02 21:51:00;aprobado;63697466515;approved
8028;Alejandro Ruiz;+57 315 904 2338;alejandro.ruiz99@gmail.com;Diagonal 6 #96-33, Caldas, Medellín;2022-08-06 19:52:00;aprobado;14480586179;approved
8255;Sebastián Rodríguez;+57 318 304 0775;sebastian.rodriguez127@hotmail.com;Cra 55 #10-1, Caldas, Medellín;2022-11-10 22:56:00;aprobado;62006620645;approved
3296;Juan Pablo Gómez;+57 318 714 7320;juan.gomez291@hotmail.com;Cra 79 #17-29, Buenos Aires, Medellín;2023-05-25 20:05:00;aprobado;67611693858;approved
2876;Alejandro Ruiz;+57 304 361 6558;alejandro.ruiz23@outlook.com;Cl 33 #59-21, La América, Medellín;2023-11-24 10:26:00;aprobado;31217896717;approved
7751;Natalia Vega;+57 316 027 5100;natalia.vega911@yahoo.com;Diagonal 71 #63-3, Castilla, Medellín;2022-06-01 13:29:00;pendiente;Sin procesar;pending
6277;Mateo González;+57 312 932 3539;mateo.gonzalez823@hotmail.com;Cl 3 #81-24, Manrique, Medellín;2024-12-20 12:46:00;pendiente;Sin procesar;pending
919;Julián Ortiz;+57 320 794 3218;julian.ortiz233@gmail.com;Cl 35 #23-26, Manrique, Medellín;2024-04-24 19:33:00;rechazado;55887898038;rejected
3902;Samuel Díaz;+57 300 575 4370;samuel.diaz3@yahoo.com;Cra 52 #99-17, Aranjuez, Medellín;2024-12-07 22:28:00;rechazado;98647212329;rejected
4417;Isabella Hernández;+57 312 012 5928;isabella.hernandez921@hotmail.com;Cl 118 #81-37, La Candelaria, Medellín;2022-07-09 15:41:00;pendiente;Sin procesar;Sin procesar
7282;Manuela Sánchez;+57 310 059 1739;manuela.sanchez245@gmail.com;Cra 8 #88-23, Guayabal, Medellín;2022-06-21 20:24:00;pendiente;Sin procesar;pending
3472;María José Suárez;+57 320 647 0894;maria.suarez741@yahoo.com;Cra 50 #45-46, Buenos Aires, Medellín;2023-12-28 21:09:00;aprobado;38221946124;approved
8151;Cristian Muñoz;+57 318 650 9462;cristian.muñoz891@gmail.com;Diagonal 69 #83-21, Castilla, Medellín;2022-10-29 18:46:00;aprobado;24818353463;approved
428;Sara Álvarez;+57 317 261 1868;sara.alvarez882@gmail.com;Cra 4 #78-15, Castilla, Medellín;2022-07-01 17:41:00;aprobado;46891910526;approved
1102;Julián Ortiz;+57 315 700 3276;julian.ortiz683@hotmail.com;Transversal 4 #45-43, Bello, Medellín;2024-03-08 15:52:00;aprobado;78080115737;approved
9224;Esteban Ramos;+57 315 192 2051;esteban.ramos995@hotmail.com;Av 52 #31-47, Girardota, Medellín;2024-07-30 20:18:00;aprobado;15805532340;approved
5458;Samuel Díaz;+57 315 843 8356;samuel.diaz619@outlook.com;Cra 23 #45-10, El Poblado, Medellín;2022-06-14 17:12:00;aprobado;64533321231;approved
2017;Natalia Vega;+57 302 671 9196;natalia.vega986@hotmail.com;Cl 48 #31-44, El Poblado, Medellín;2023-03-12 18:04:00;pendiente;Sin procesar;Sin procesar
6445;Juan Pablo Gómez;+57 313 287 5335;juan.gomez864@yahoo.com;Cl 55 #89-11, El Poblado, Medellín;2022-10-06 17:43:00;pendiente;Sin procesar;Sin procesar
5731;Sofía Torres;+57 304 811 5750;sofia.torres878@hotmail.com;Diagonal 21 #7-40, Manrique, Medellín;2024-11-21 08:46:00;aprobado;88943797132;approved
1740;Paula Mendoza;+57 300 104 2797;paula.mendoza267@hotmail.com;Av 36 #75-10, Envigado, Medellín;2022-03-01 09:54:00;rechazado;85183101672;rejected
1862;Natalia Vega;+57 304 293 5753;natalia.vega542@yahoo.com;Transversal 114 #82-5, Envigado, Medellín;2022-02-07 13:45:00;aprobado;49464960533;approved
9351;Alejandro Ruiz;+57 313 107 9516;alejandro.ruiz195@yahoo.com;Cl 10 #34-41, Belén, Medellín;2022-12-30 08:58:00;pendiente;Sin procesar;pending
6544;Tomás Vargas;+57 301 680 9564;tomas.vargas681@gmail.com;Transversal 94 #43-18, Envigado, Medellín;2023-01-28 11:43:00;aprobado;63406846915;approved
1903;Mateo González;+57 315 142 9994;mateo.gonzalez516@gmail.com;Av 15 #37-1, Belén, Medellín;2023-03-20 21:32:00;pendiente;Sin procesar;Sin procesar
1983;Natalia Vega;+57 305 265 2012;natalia.vega841@gmail.com;Cra 58 #39-3, Sabaneta, Medellín;2022-04-16 17:57:00;aprobado;51669089329;approved
8530;Alejandro Ruiz;+57 311 659 4818;alejandro.ruiz151@outlook.com;Cl 103 #77-8, Aranjuez, Medellín;2024-02-29 15:56:00;aprobado;95682122545;approved
4475;Sebastián Rodríguez;+57 316 915 3218;sebastian.rodriguez671@gmail.com;Cra 13 #25-4, Bello, Medellín;2023-10-07 22:08:00;rechazado;57684191560;rejected
2799;Salomé Jiménez;+57 320 342 8402;salome.jimenez152@yahoo.com;Diagonal 23 #51-31, Belén, Medellín;2023-05-13 20:10:00;aprobado;31453323218;approved
2370;María José Suárez;+57 305 725 4265;maria.suarez297@gmail.com;Diagonal 96 #86-35, Girardota, Medellín;2023-01-03 17:11:00;rechazado;43128411809;rejected
3597;Sara Álvarez;+57 313 182 8936;sara.alvarez664@hotmail.com;Cl 100 #59-36, Castilla, Medellín;2024-11-22 08:30:00;aprobado;32652504573;approved
7482;Paula Mendoza;+57 317 318 9959;paula.mendoza241@gmail.com;Cra 93 #55-44, Girardota, Medellín;2023-01-19 18:05:00;rechazado;41433785388;rejected
5672;Tomás Vargas;+57 300 707 7508;tomas.vargas565@yahoo.com;Transversal 37 #85-37, Caldas, Medellín;2024-03-29 11:50:00;aprobado;63498407350;approved
3096;Lucía Castro;+57 316 059 1541;lucia.castro596@outlook.com;Cl 85 #89-23, Envigado, Medellín;2022-07-23 08:38:00;pendiente;Sin procesar;Sin procesar
7027;Tomás Vargas;+57 304 659 0504;tomas.vargas67@outlook.com;Cl 64 #19-10, Aranjuez, Medellín;2023-06-19 10:26:00;aprobado;82341328522;approved
648;Diego Cardona;+57 316 323 8128;diego.cardona83@outlook.com;Cra 114 #68-40, Girardota, Medellín;2023-04-17 13:55:00;aprobado;73027552160;approved
2278;Felipe Ríos;+57 318 112 7596;felipe.rios251@outlook.com;Cl 10 #12-20, Caldas, Medellín;2023-02-26 11:06:00;aprobado;87293569780;approved
883;Manuela Sánchez;+57 318 659 4003;manuela.sanchez834@gmail.com;Transversal 103 #3-16, Castilla, Medellín;2023-02-09 16:23:00;aprobado;17204851619;approved
9404;Ana Lucía Medina;+57 312 032 0434;ana.medina681@outlook.com;Av 28 #93-14, Buenos Aires, Medellín;2023-09-18 10:06:00;pendiente;Sin procesar;Sin procesar
9778;Andrés Herrera;+57 310 672 1761;andres.herrera728@outlook.com;Transversal 116 #59-32, Castilla, Medellín;2024-09-02 19:28:00;aprobado;22304085771;approved
1253;Sofía Torres;+57 302 398 1893;sofia.torres630@outlook.com;Cl 6 #36-33, La Candelaria, Medellín;2023-04-06 08:17:00;aprobado;87811532027;approved
6716;Mariana Ramírez;+57 320 817 3418;mariana.ramirez569@gmail.com;Diagonal 75 #85-26, Buenos Aires, Medellín;2022-03-24 11:40:00;aprobado;80089564149;approved
1738;Lucía Castro;+57 317 853 6205;lucia.castro923@yahoo.com;Av 77 #25-50, Aranjuez, Medellín;2023-01-10 15:05:00;aprobado;11080882313;approved
6890;Alejandro Ruiz;+57 320 702 0715;alejandro.ruiz202@outlook.com;Transversal 85 #36-12, El Poblado, Medellín;2023-12-11 13:43:00;pendiente;Sin procesar;Sin procesar
4628;Ana Lucía Medina;+57 320 078 9677;ana.medina716@hotmail.com;Cl 103 #14-49, El Poblado, Medellín;2022-03-21 15:49:00;pendiente;Sin procesar;pending
5085;Cristian Muñoz;+57 312 112 4617;cristian.muñoz376@outlook.com;Transversal 89 #2-18, Envigado, Medellín;2022-02-17 19:19:00;pendiente;Sin procesar;Sin procesar
4480;Daniel Reyes;+57 302 624 4704;daniel.reyes577@outlook.com;Diagonal 11 #15-2, Envigado, Medellín;2024-10-25 15:29:00;pendiente;Sin procesar;pending
771;Samuel Díaz;+57 316 443 0732;samuel.diaz316@outlook.com;Diagonal 99 #68-37, Caldas, Medellín;2024-09-15 18:57:00;pendiente;Sin procesar;pending
4273;Ana Lucía Medina;+57 317 381 7799;ana.medina900@hotmail.com;Av 52 #74-11, Buenos Aires, Medellín;2024-08-14 08:18:00;pendiente;Sin procesar;pending
1528;Cristian Muñoz;+57 313 643 2314;cristian.muñoz945@yahoo.com;Diagonal 105 #48-7, Bello, Medellín;2022-09-13 10:29:00;rechazado;21144054445;rejected
1398;Mariana Ramírez;+57 313 455 3758;mariana.ramirez995@hotmail.com;Diagonal 68 #17-47, Caldas, Medellín;2024-01-26 08:34:00;aprobado;89938106703;approved
515;Laura Gutiérrez;+57 302 323 5859;laura.gutierrez236@yahoo.com;Transversal 8 #89-14, La América, Medellín;2022-12-18 16:33:00;rechazado;11443380696;rejected
8145;Cristian Muñoz;+57 316 819 7354;cristian.muñoz808@yahoo.com;Cl 46 #24-18, La Candelaria, Medellín;2024-10-05 15:30:00;aprobado;48267072186;approved
4019;Sara Álvarez;+57 300 464 0060;sara.alvarez396@hotmail.com;Diagonal 39 #70-28, Sabaneta, Medellín;2024-07-25 13:51:00;aprobado;39215771269;approved
3647;Ana Lucía Medina;+57 302 470 7926;ana.medina976@hotmail.com;Av 86 #14-46, La Candelaria, Medellín;2023-08-31 11:07:00;aprobado;17618634085;approved
4336;Camila López;+57 314 645 4959;camila.lopez363@outlook.com;Transversal 113 #15-12, Doce de Octubre, Medellín;2023-01-31 19:06:00;aprobado;70746846797;approved
6007;Mariana Ramírez;+57 301 128 6381;mariana.ramirez980@gmail.com;Cra 45 #1-9, Sabaneta, Medellín;2024-12-25 19:38:00;aprobado;74587121409;approved
5547;Ana Lucía Medina;+57 314 528 2767;ana.medina494@yahoo.com;Cl 27 #80-14, La América, Medellín;2023-06-27 11:58:00;aprobado;99420873655;approved
2183;Natalia Vega;+57 316 783 9692;natalia.vega82@yahoo.com;Cra 6 #2-9, San Javier, Medellín;2022-01-03 15:28:00;aprobado;44650560208;approved
8552;Sofía Torres;+57 311 965 3715;sofia.torres925@yahoo.com;Diagonal 32 #15-2, Guayabal, Medellín;2023-01-07 08:35:00;rechazado;83295735803;rejected
9312;Gabriela Pérez;+57 310 079 3377;gabriela.perez871@hotmail.com;Cra 17 #79-31, Robledo, Medellín;2023-07-18 09:47:00;pendiente;Sin procesar;Sin procesar
